-- phpMyAdmin SQL Dump
-- version 4.8.3
-- https://www.phpmyadmin.net/
--
-- 主機: 127.0.0.1
-- 產生時間： 2018-12-17 00:55:34
-- 伺服器版本: 10.1.36-MariaDB
-- PHP 版本： 5.6.38

SET SQL_MODE = "NO_AUTO_VALUE_ON_ZERO";
SET AUTOCOMMIT = 0;
START TRANSACTION;
SET time_zone = "+00:00";


/*!40101 SET @OLD_CHARACTER_SET_CLIENT=@@CHARACTER_SET_CLIENT */;
/*!40101 SET @OLD_CHARACTER_SET_RESULTS=@@CHARACTER_SET_RESULTS */;
/*!40101 SET @OLD_COLLATION_CONNECTION=@@COLLATION_CONNECTION */;
/*!40101 SET NAMES utf8mb4 */;

--
-- 資料庫： `mybv`
--

-- --------------------------------------------------------

--
-- 資料表結構 `article`
--

CREATE TABLE `article` (
  `id` varchar(200) DEFAULT NULL,
  `usid` varchar(200) DEFAULT NULL,
  `u_name` varchar(100) DEFAULT NULL,
  `u_pic` varchar(600) DEFAULT NULL,
  `gender` varchar(200) DEFAULT NULL,
  `pro_name` varchar(110) DEFAULT NULL,
  `pro_type` varchar(400) DEFAULT NULL,
  `star` varchar(100) DEFAULT NULL,
  `art_pic1` varchar(500) DEFAULT NULL,
  `art_pic2` varchar(500) DEFAULT NULL,
  `art_pic3` varchar(500) DEFAULT NULL,
  `pro_picnum` varchar(230) DEFAULT NULL,
  `pre_title` varchar(200) DEFAULT NULL,
  `title` varchar(900) DEFAULT NULL,
  `skin` varchar(300) DEFAULT NULL,
  `age` varchar(200) DEFAULT NULL,
  `tag` varchar(400) DEFAULT NULL,
  `text` varchar(783) DEFAULT NULL,
  `collect` varchar(100) DEFAULT NULL,
  `report` varchar(200) DEFAULT NULL,
  `created_at` varchar(100) DEFAULT NULL
) ENGINE=InnoDB DEFAULT CHARSET=utf8;

--
-- 資料表的匯出資料 `article`
--

INSERT INTO `article` (`id`, `usid`, `u_name`, `u_pic`, `gender`, `pro_name`, `pro_type`, `star`, `art_pic1`, `art_pic2`, `art_pic3`, `pro_picnum`, `pre_title`, `title`, `skin`, `age`, `tag`, `text`, `collect`, `report`, `created_at`) VALUES
('1', '1', '小鹿奔馳中', '1.jpg', '女性', '一淨到底白泥潔顏乳', '卸妝潔顏', '5', '2.jpg', '0', '0', 'cleanserspore01.jpg', '推薦', '淨痘粉刺調理', '混合肌', '23', '深層清潔', '這瓶跟我以往用過的淨痘粉刺調理產品不同它不會刺激、不黏不油、無怪味在洗臉後使用完全不會有刺痛感!更不會造成脫皮並且它也不是那種清水般的無感化妝水色澤幾乎是透明的(我倒進透明瓶攝)茶樹味道是主調質地無油感塗抹開後是一種有如\"潤髮乳沖洗乾淨後所殘留的陽離子順滑感\"我覺得有很好的滲透性讓臉部有快速舒緩軟化角質的浸潤感基礎保濕很完善。', '3', '2', '2018-02-03'),
('2', '2', '海狗黎', '2.jpg', '女性', '毛孔深層清潔泥', '卸妝潔顏', '4', '2.jpg', '0', '0', 'cleanserspore04.jpg', '推薦', '台灣的天氣比較潮濕', '乾性肌', '23', '深層清潔', '台灣的天氣比較潮濕悶熱，所以大部分人的皮膚比較容易出油，再加上空氣汙染毛孔容易卡髒污及油脂，容易有毛孔粗大、長粉刺的問題，所以樂敦製藥專門為台灣研製出這款卵肌系列，卵肌溫和去角質化妝水是一款能夠幫肌膚溫和去角質，裡面有葡萄酸及金縷梅萃取，可以溫和有效去除老廢角質及黑頭粉刺，同時還能緊緻毛孔並且改善暗沉粗糙，使肌膚猶如水煮蛋般的光滑細緻。葡萄酸可以溫和軟化粗糙的角質，防止毛孔阻塞，而且還能提升皮膚的吸收機能，同時減少水分散失，讓肌膚散發出明亮感，這瓶化妝水最主要用途是主打溫和去角質、促進表皮更新、保濕 (產品包裝上寫的)，俏筆的肌膚就是屬於混合肌，在氣溫比較悶熱的天氣裡就會比較容易泛油，而且還有毛孔粗大的問題，最惱人的還會因油脂分泌而造成阻塞毛孔而長粉刺或痘痘，所以卵肌這系列非常適合像俏筆一樣有此困擾的人哦！。另外，它還有添加薄荷成分！在使用時會感覺到一股微沁涼感，很適合接下來即將要邁入比較悶熱潮濕的天氣，薄荷，它有清潔肌膚的效果，對於油性肌膚來說也有去油的效果，可以將堵塞的毛孔去油脂清潔乾淨讓毛孔變得通暢之外，還有調理肌膚、減少油脂分泌效果讓肌膚清爽乾淨並帶給皮膚清涼的感覺，還有鎮靜肌膚的效果呢！重點是，它很溫和，並不是會很刺激的涼感，卵肌系列是採弱酸性溫和的配方無添加香料、色素、礦物油及酒精成分，可以天天使用，每天都能幫肌膚溫和的去角質並且有保濕效果使用這款溫和去角質化妝水最好能夠搭配化妝棉使用倒在化妝棉上擦拭全臉去角質，也能再次清潔肌膚毛孔的髒汙，擦拭時候我會針對容易出油的T字部位，或是容易長粉刺痘痘的下巴在擦拭時候因為有添加薄荷成分，所以會感覺到一股清涼感，它非常溫和不會對肌膚造成刺激，使用後這幾天肌膚我覺得變得比較柔嫩細緻很多而且肌膚的觸感也變得咕溜很多，粗糙的感覺有改善，尤其是容易堆積角質的部位特別明顯整體上全臉也看起來明亮許多。', '4', '3', '2018-02-03'),
('3', '3', '四角五角六攪拌', '3.jpg', '女性', '超能紅石榴微循環潔膚乳', '卸妝潔顏', '3', '2.jpg', '0', '0', 'cleanserspore02.jpg', '推薦', '天然香了就是花香味', '油性肌', '28', '緊緻毛孔', '打開瓶蓋就聞到它的天然香了就是花香味(不是人工香精的味道)質地偏水狀    用量上會比較多一些買大瓶的兩百元新台幣有找  便宜吧價格非常親民 用量上就算多了些我也不會心疼，使用後肌膚很快吸收加上不黏膩加上保濕有感肌膚真的有比較水嫩。', '6', '4', '2018-02-03'),
('4', '4', '姬賽兒', '4.jpg', '女性', '深層卸_精華露', '卸妝潔顏', '5', '2.jpg', '0', '0', 'cleanserspore03.jpg', '推薦', '化妝水就濕敷', '混合肌', '24', '深層清潔', '這是一款真的非常好用的化妝水就濕敷來說!對我來說化妝水分為很多用途，有時候是拿來當補水噴霧，有時候是拿來當濕敷補水用，有的可以拿來定妝有的又可以拿來當作一般洗臉完保養用綜觀以上\n，我的習慣就是把買來的化妝水分類我本身就是一個很喜歡亂買的人。因此大大小小的化妝水我都會買，不管它是貴或便宜，以保養的種種產品來說，化妝水真的算是最便宜的(相較於精華、乳液那些來說)真的算是便宜的，一罐5000元就算是很貴了，拿過種種的化妝水來濕敷，這一款算是我覺得我回回夠拿來濕敷的!第一件事就是它不是純水狀的，雖然大部分人都喜歡拿純水狀的化妝水產品作為濕敷用但我比較喜歡拿這種純水狀產品來做保濕噴霧，這一項產品雖然稍微濃稠，但是反而可以讓化妝水很好的去做吸收敷在臉上雖然用量大但反而補水度很好。原本在換季之時都會脫皮的我在換了這一款化妝水濕敷之後就有了不一樣的成果，我以前買了這項產品很多罐我都把它拿來當一般洗臉後使用，結果也是沒什麼感覺，原來是用錯方法了啊!覺得世界上每一種化妝水應該都以她該被正確使用的權利(哈)', '4', '5', '2018-02-03'),
('5', '5', 'wenjie', '5.jpg', '女性', '天生麗質粉美肌精華', '精華液', '3', '2.jpg', '0', '0', 'essenceElasticity01.jpg', '推薦', '味道有點嗆', '混合肌', '25', '彈力澎潤', '味道對我而言真的是有點嗆的，而且皮膚敏感的人，真的要注意，我有點敏感，當下到下去擦的時候，真的痛到我想要尖叫，然後再擦得當下，根本就是很煎熬啊! 不能大力呼吸，因為那個酒精混合藥草的味道我會嗆到。看網路上面都是說倒一個五十元硬幣的大小，然後輕拍或是擦拭。擦拭全臉以後，其實我平常的清潔感覺都做得不錯。沒有像是網路上很多人說的一樣有很多髒東西。擦完之後你會發現過段時間後，臉會比較發亮，感覺很細緻。但是感覺真的我的臉用了一段時間有比較乾淨部長痘痘，因為工作關係壓力的關係，導致我的臉一直長痘痘，或是長粉刺。其實我的問題比較需要是正常的睡眠跟壓力的釋放。之後我覺得不錯加碼買了這個 但是這個價格比較貴316 美妝水只有260而已。真的覺得如果臉上有所謂暗瘡或是什麼的，可以用這個。有效但是這個，真的請注意有比較刺激，看個人膚質。優點\n1.有效 \n2.痘痘比較少比較穩定\n3.不容易發炎\n4.價格便宜\n5.玻璃瓶\n缺點\n1.味道很痛苦\n2.酒精很味道重 會有刺痛感\n3.擦下去瞬間刺激', '7', '7', '2018-02-03'),
('6', '6', '傻孩子', '6.jpg', '女性', '生命之源金萃精華液', '精華液', '4', '2.jpg', '0', '0', 'essenceFirming01.jpg', '推薦', '我是噴霧人', '混合肌', '25', '彈力澎潤', '不得不說 我是噴霧人，我喜歡噴霧 外出會隨身帶一罐，覺得乾的時候會噴個三下 再輕拍吸收，有時後會用噴霧取代化妝水，讓保養品程序變簡單 而卻又保濕 保水，這兩支我實在選不出我最喜歡的味道，所以我兩支都帶了，加上在日本買非常便宜 大約近六折（免稅店）直接拿兩罐也不會心疼~~目前手上的噴霧有這些:SKII 的黑噴  之後會分享(台灣從一月就沒再進了 總之台灣買不到趁這次在日本帶了一罐回來  買到黑噴超開心)', '5', '3', '2018-02-03'),
('7', '7', 'iyaowai', '7.jpg', '女性', '凍妍新肌澎潤精華', '精華液', '4', '2.jpg', '0', '0', 'essenceFirming02.jpg', '推薦', '玫瑰跟薰衣草', '乾性肌', '33', '彈力澎潤', '這瓶真的從去年我發現之後，已經用掉好幾瓶了，最喜歡玫瑰跟薰衣草，後來出的霧面的活力水噴霧也不錯，這系列坎蒂愛到都會隨身帶出門使用 連男友也愛噴，每次噴他的臉之後他都說好舒服，我自己也很愛，可是好奇怪，這上面很少人分享耶~~所以坎蒂就一起分享囉！紅色是玫瑰，紫色是薰衣草，覺得扭轉頭很方便，想噴的時候扭開 不想噴就鎖上 放在包包也不會倒出來。心得:上妝前噴一下當化妝水使用，上完全妝後再全臉噴一層定妝(坎蒂習慣噴三四下在臉上)吸收很快，帶出門用的話補妝後再噴一層，覺得熱或臉乾的時候也可以拿出來噴保濕又涼快(咦)櫃姐說如果想讓眼影顯色也可以先噴在刷具上再沾取眼影，真的會超級顯色喔~~(眉粉也是可以這樣用)而且噴完之後粉感會減低很多，妝也會很服貼漂亮，愛用大推~~以上，報告完畢。', '8', '8', '2018-02-17'),
('8', '8', '甜蜜夢境', '8.jpg', '女性', '鎂光銀燦保濕精華液', '精華液', '5', '2.jpg', '0', '0', 'essenceHA01.jpg', '推薦', '收斂毛孔', '混合肌', '28', '提亮膚色', '一直以來我化妝水都比較著重在保濕，但有時真的是要針對每天不同的肌膚狀況跟問題去修正保養程序跟對應的產品，這樣才會讓肌膚每天都乖乖哦！所以我就入手了偏收斂毛孔、鎮靜肌膚的化妝水_當時從屈臣氏購入還送他們自己出品的可撕式化妝棉，我都拿來做重點濕敷，但這款我不會再購入，小小一盒cp值不高而且不好撕之外也容易也屑屑棉絮搞得鼻子很癢但畢竟它是贈品，我講歸講還是有繼續使用它來濕敷，質地/水狀、流動性高，味道/偏韓方植物草本的薄荷味，感受/敷在臉上會有薄荷涼感，我都拿來敷在T字、毛孔粗大、容易出油或是已經有痘痘的患部，鎮靜肌膚效果真的挺不錯的，覺得蠻舒緩發炎疼痛感_但收斂毛孔這部分覺得效果不大！', '2', '4', '2018-02-17'),
('9', '9', 'lovekat777', '9.jpg', '女性', '逆時完美再造精華', '乳液', '4', '2.jpg', '0', '0', 'lotionElasticity01.jpg', '推薦', '潔膚水', '乾性肌', '24', '彈力澎潤', '這款潔膚水是三步驟中最不可或缺的產品，添加美容酒精、金縷梅酸還有少量的水楊酸，所以使用在臉上時要避開眼睛周邊，並且如果對酒精成分有疑慮的人可以跳過這款了哈哈！我自己在使用上會先等個三到五秒等酒精味不見，不然鼻子聞到真的蠻嗆的!!雖然一直以來我都認定自己的肌膚應該是混和偏乾，但其實心裡也拿不準，所以這次體驗會還附加能到倩碧櫃上做一次肌膚檢測我覺得很划算呢!我個人覺得吧.....混乾就是又有粉刺又會脫皮還有細紋跟黯沉的麻煩肌膚.......T_T，潔膚水最廣為樂傳的就是可以溫和的代謝掉老舊角質不像市售的去角質產品潔膚水是可以天天使用的，還有部落客做過實驗在卸妝後擦一次潔膚水來實測它的清潔功能。就可以用潔膚水擦出一堆髒東西喔!!!(雀躍甚麼化妝棉上黃黃髒髒的就清潔掉的角質，多了潔膚水這步驟會讓後續保養更好吸收，不過我還是要再次提醒大家不能接受酒精味的人 一定要靠櫃試過再決定要不要購入喔~~以上是我試用後的心得，希望能幫助到正在關注這項產品的人囉~~', '8', '6', '2018-02-17'),
('10', '10', 'youYO', '10.jpg', '女性', '逆時緊緻精華乳', '乳液', '4', '2.jpg', '0', '0', 'lotionFirming01.jpg', '推薦', '不黏膩才行', '混合肌', '33', '彈力澎潤', '在這種高溫炎熱的夏天裡,化妝水和凝露的質地是我挑選保養產品的首選，如果是乳液和霜類,也必須使用起來不黏膩才行(不然真的會很崩潰:D),有時候清爽不黏膩的產品,保濕效果就沒有這麼厲害的感覺，但這款魚子EGF新生賦活露，不但清爽好吸收,保濕效果也不錯，而且看得出來裡頭附有油脂的成分，這是化妝水裡少見的，重點是有油卻不黏膩厚重,保濕又能鎖水~一罐是100ml,裡頭是淡淡粉紅色的!!近看很像小小的小珍珠，裡頭有厲害的魚子精華，紅色維他命B12，水解蜂王漿蛋白，EGF可以保濕鎖水降低水分流失，還有研發出美容油的液滴技術，含有與肌膚相仿的油脂親透肌膚，增加滲透效果，這款主打抗皺和保濕的產品，我本身是混合肌(最近偏乾)我是直接把它當化妝水用，用起來覺得好吸收,皮膚保濕也有提升。', '9', '8', '2018-02-17'),
('11', '1', '小鹿奔馳中', '1.jpg', '女性', '精萃再生花蜜精華露', '乳液', '4', '2.jpg', '0', '0', 'lotionFirming02.jpg', '推薦', '混合偏油性的肌膚', '混合肌', '23', '彈力澎潤', '流動性高的乳液質地，不用近聞就有很明顯的香味，因為我是混合偏油性的肌膚，我其實不是很喜歡用乳液的人，我夏天喜歡擦精華液，到冬天喜歡滋潤一點的乳霜，乳液這種要清爽不清爽、要滋潤也不滋潤的產品還真不知道要什麼時候用不過夏天天氣真的很崩潰的熱，粉底液已換成較乾、偏持久類型，但歐膩我本人也已是輕熟齡肌，用這類型粉底液容易顯紋路及毛孔大，也因膚況問題妝前也無法上太多保養品，這時候我上妝前擦化妝水後只擦這瓶乳液，它取代了我的日常保養和妝前乳步驟，也不會跟我後續的粉底液打架起削，還不錯用但也沒有讓我驚艷到想回購，（之前分享的DV童齡霜當妝前乳效果更好）替代品太多了用完應該是會換其他商品囉!', '2', '9', '2018-02-17'),
('12', '2', '海狗黎', '2.jpg', '女性', '花植水漾精華凝露', '乳液', '5', '2.jpg', '0', '0', 'lotionHydries01.jpg', '推薦', '廣告跟網友燒到', '乾性肌', '23', '水潤粉嫩', '這次是被廣告跟網友燒到，而且想說是混合肌適用的產品，就買下手啦~而且我在買保養品的時候也會看一些不添加的東西，例如：酒精(很重要)，其實我當初也沒看清楚，原來它是在晚上擦的，但是我就是很懶，不喜歡保養品分早晚，所以我早上擦，晚上也擦，大概2個月就用完了。瓶子真的很美，而且重的很有質感！每次使用是一粒豆子的大小，但是我覺得它寫的份量太少了！我大概使用五元硬幣吧。塗起來很薄很清爽，上在臉上也不會黏黏的。Before跟After其實沒有什麼差別，因為不油。但我就是不愛它的味道，不是說味道不好聞，是滿花香的。只是覺得有點太重了，希望可以是那種淡淡的清香，一點點就好。我發現這瓶跟KIEHL\'S的冰河醣蛋白無油清爽凝凍的質地很像，所以我又拿來比較啦~我的KIEHL\'S是買額送的試用品~但是也足夠我使用一週。在還沒開始用KIEHL\'S之前，我就覺得SOFINA有一點不保濕，比起我之前使用的乳液(Dr.wu 玻尿酸乳液)。它是清爽沒有錯，但是保濕的程度真的滿無感的，所以還是建議混合偏乾肌的水水要考慮一下！心得就先分享到這裡啦，謝謝水水看完我的心得', '8', '3', '2018-02-17'),
('13', '3', '四角五角六攪拌', '3.jpg', '女性', '年輕肌密凝霜', '乳霜', '4', '2.jpg', '0', '0', 'creamHA02.jpg', '推薦', '不會吸光你的保養品', '油性肌', '28', '提亮膚色', '我在全部保養完後面擦就是粉底前，這條不會吸光你的保養品\n\n專櫃也是有很多粉底有些好擦有些不好推，我試擦完這條再擦不好推的粉底\n\n真的讓我一直覺得難擦的粉底好推平滑服貼，抹兩三下就均勻不過我沒有定妝，兩小時後就脫妝，沒有它說的持久，脫妝後我試直接補這條淨白多效日間美肌乳，沒有上任何粉底，皮膚感覺好好，氣色也好，澎潤，感覺又上了一層粉底美美的，就淡淡隔離霜的感覺，不會乾乾的而且感覺很舒服\n', '3', '1', '2018-02-17'),
('14', '4', '姬賽兒', '4.jpg', '女性', '年輕肌密緊緻精華乳霜', '乳霜', '3', '2.jpg', '0', '0', 'creamHA01.jpg', '推薦', '淨痘粉刺調理', '混合肌', '24', '提亮膚色', '這瓶跟我以往用過的淨痘粉刺調理產品不同它不會刺激、不黏不油、無怪味在洗臉後使用完全不會有刺痛感!更不會造成脫皮並且它也不是那種清水般的無感化妝水色澤幾乎是透明的(我倒進透明瓶攝)茶樹味道是主調質地無油感塗抹開後是一種有如\"潤髮乳沖洗乾淨後所殘留的陽離子順滑感\"我覺得有很好的滲透性讓臉部有快速舒緩軟化角質的浸潤感基礎保濕很完善。', '4', '6', '2018-02-17'),
('15', '5', 'wenjie', '5.jpg', '女性', '超水妍舒緩保濕霜', '乳霜', '5', '2.jpg', '0', '0', 'creamhydries02.jpg', '推薦', '台灣的天氣比較潮濕', '混合肌', '25', '水潤粉嫩', '台灣的天氣比較潮濕悶熱，所以大部分人的皮膚比較容易出油，再加上空氣汙染毛孔容易卡髒污及油脂，容易有毛孔粗大、長粉刺的問題，所以樂敦製藥專門為台灣研製出這款卵肌系列，卵肌溫和去角質化妝水是一款能夠幫肌膚溫和去角質，裡面有葡萄酸及金縷梅萃取，可以溫和有效去除老廢角質及黑頭粉刺，同時還能緊緻毛孔並且改善暗沉粗糙，使肌膚猶如水煮蛋般的光滑細緻。葡萄酸可以溫和軟化粗糙的角質，防止毛孔阻塞，而且還能提升皮膚的吸收機能，同時減少水分散失，讓肌膚散發出明亮感，這瓶化妝水最主要用途是主打溫和去角質、促進表皮更新、保濕 (產品包裝上寫的)，俏筆的肌膚就是屬於混合肌，在氣溫比較悶熱的天氣裡就會比較容易泛油，而且還有毛孔粗大的問題，最惱人的還會因油脂分泌而造成阻塞毛孔而長粉刺或痘痘，所以卵肌這系列非常適合像俏筆一樣有此困擾的人哦！。另外，它還有添加薄荷成分！在使用時會感覺到一股微沁涼感，很適合接下來即將要邁入比較悶熱潮濕的天氣，薄荷，它有清潔肌膚的效果，對於油性肌膚來說也有去油的效果，可以將堵塞的毛孔去油脂清潔乾淨讓毛孔變得通暢之外，還有調理肌膚、減少油脂分泌效果讓肌膚清爽乾淨並帶給皮膚清涼的感覺，還有鎮靜肌膚的效果呢！重點是，它很溫和，並不是會很刺激的涼感，卵肌系列是採弱酸性溫和的配方無添加香料、色素、礦物油及酒精成分，可以天天使用，每天都能幫肌膚溫和的去角質並且有保濕效果使用這款溫和去角質化妝水最好能夠搭配化妝棉使用倒在化妝棉上擦拭全臉去角質，也能再次清潔肌膚毛孔的髒汙，擦拭時候我會針對容易出油的T字部位，或是容易長粉刺痘痘的下巴在擦拭時候因為有添加薄荷成分，所以會感覺到一股清涼感，它非常溫和不會對肌膚造成刺激，使用後這幾天肌膚我覺得變得比較柔嫩細緻很多而且肌膚的觸感也變得咕溜很多，粗糙的感覺有改善，尤其是容易堆積角質的部位特別明顯整體上全臉也看起來明亮許多。', '6', '8', '2018-02-17'),
('16', '6', '傻孩子', '6.jpg', '女性', '絕對完美金粹乳霜', '乳霜', '3', '2.jpg', '0', '0', 'creamHydries03.jpg', '推薦', '天然香了就是花香味', '混合肌', '25', '水潤粉嫩', '打開瓶蓋就聞到它的天然香了就是花香味(不是人工香精的味道)質地偏水狀    用量上會比較多一些買大瓶的兩百元新台幣有找  便宜吧價格非常親民 用量上就算多了些我也不會心疼，使用後肌膚很快吸收加上不黏膩加上保濕有感肌膚真的有比較水嫩。', '4', '5', '2018-03-15'),
('17', '7', 'iyaowai', '7.jpg', '女性', '煥白精華日霜', '乳霜', '4', '2.jpg', '0', '0', 'creamWH01.png', '討論', '化妝水就濕敷', '乾性肌', '33', '緊緻毛孔', '這是一款真的非常好用的化妝水就濕敷來說!對我來說化妝水分為很多用途，有時候是拿來當補水噴霧，有時候是拿來當濕敷補水用，有的可以拿來定妝有的又可以拿來當作一般洗臉完保養用綜觀以上\n，我的習慣就是把買來的化妝水分類我本身就是一個很喜歡亂買的人。因此大大小小的化妝水我都會買，不管它是貴或便宜，以保養的種種產品來說，化妝水真的算是最便宜的(相較於精華、乳液那些來說)真的算是便宜的，一罐5000元就算是很貴了，拿過種種的化妝水來濕敷，這一款算是我覺得我回回夠拿來濕敷的!第一件事就是它不是純水狀的，雖然大部分人都喜歡拿純水狀的化妝水產品作為濕敷用但我比較喜歡拿這種純水狀產品來做保濕噴霧，這一項產品雖然稍微濃稠，但是反而可以讓化妝水很好的去做吸收敷在臉上雖然用量大但反而補水度很好。原本在換季之時都會脫皮的我在換了這一款化妝水濕敷之後就有了不一樣的成果，我以前買了這項產品很多罐我都把它拿來當一般洗臉後使用，結果也是沒什麼感覺，原來是用錯方法了啊!覺得世界上每一種化妝水應該都以她該被正確使用的權利(哈)', '7', '4', '2018-03-15'),
('18', '8', '甜蜜夢境', '8.jpg', '女性', '精粹亮妍奇蹟霜', '乳霜', '4', '2.jpg', '0', '0', 'creamWH02.jpg', '討論', '味道有點嗆', '混合肌', '28', '緊緻毛孔', '味道對我而言真的是有點嗆的，而且皮膚敏感的人，真的要注意，我有點敏感，當下到下去擦的時候，真的痛到我想要尖叫，然後再擦得當下，根本就是很煎熬啊! 不能大力呼吸，因為那個酒精混合藥草的味道我會嗆到。看網路上面都是說倒一個五十元硬幣的大小，然後輕拍或是擦拭。擦拭全臉以後，其實我平常的清潔感覺都做得不錯。沒有像是網路上很多人說的一樣有很多髒東西。擦完之後你會發現過段時間後，臉會比較發亮，感覺很細緻。但是感覺真的我的臉用了一段時間有比較乾淨部長痘痘，因為工作關係壓力的關係，導致我的臉一直長痘痘，或是長粉刺。其實我的問題比較需要是正常的睡眠跟壓力的釋放。之後我覺得不錯加碼買了這個 但是這個價格比較貴316 美妝水只有260而已。真的覺得如果臉上有所謂暗瘡或是什麼的，可以用這個。有效但是這個，真的請注意有比較刺激，看個人膚質。優點\n1.有效 \n2.痘痘比較少比較穩定\n3.不容易發炎\n4.價格便宜\n5.玻璃瓶\n缺點\n1.味道很痛苦\n2.酒精很味道重 會有刺痛感\n3.擦下去瞬間刺激', '5', '6', '2018-03-15'),
('19', '9', 'lovekat777', '9.jpg', '女性', '極淨鑽白凝霜', '乳霜', '5', '2.jpg', '0', '0', 'creamWH03.jpg', '討論', '我是噴霧人', '乾性肌', '24', '緊緻毛孔', '不得不說 我是噴霧人，我喜歡噴霧 外出會隨身帶一罐，覺得乾的時候會噴個三下 再輕拍吸收，有時後會用噴霧取代化妝水，讓保養品程序變簡單 而卻又保濕 保水，這兩支我實在選不出我最喜歡的味道，所以我兩支都帶了，加上在日本買非常便宜 大約近六折（免稅店）直接拿兩罐也不會心疼~~目前手上的噴霧有這些:SKII 的黑噴  之後會分享(台灣從一月就沒再進了 總之台灣買不到趁這次在日本帶了一罐回來  買到黑噴超開心)', '8', '6', '2018-03-15'),
('20', '10', 'youYO', '10.jpg', '女性', '透白修護水凝乳', '乳霜', '4', '2.jpg', '0', '0', 'creamWH04.jpg', '討論', '玫瑰跟薰衣草', '混合肌', '33', '緊緻毛孔', '這瓶真的從去年我發現之後，已經用掉好幾瓶了，最喜歡玫瑰跟薰衣草，後來出的霧面的活力水噴霧也不錯，這系列坎蒂愛到都會隨身帶出門使用 連男友也愛噴，每次噴他的臉之後他都說好舒服，我自己也很愛，可是好奇怪，這上面很少人分享耶~~所以坎蒂就一起分享囉！紅色是玫瑰，紫色是薰衣草，覺得扭轉頭很方便，想噴的時候扭開 不想噴就鎖上 放在包包也不會倒出來。心得:上妝前噴一下當化妝水使用，上完全妝後再全臉噴一層定妝(坎蒂習慣噴三四下在臉上)吸收很快，帶出門用的話補妝後再噴一層，覺得熱或臉乾的時候也可以拿出來噴保濕又涼快(咦)櫃姐說如果想讓眼影顯色也可以先噴在刷具上再沾取眼影，真的會超級顯色喔~~(眉粉也是可以這樣用)而且噴完之後粉感會減低很多，妝也會很服貼漂亮，愛用大推~~以上，報告完畢。', '2', '3', '2018-03-15'),
('21', '1', '小鹿奔馳中', '1.jpg', '女性', '淨光透白傑膚乳', '乳霜', '4', '2.jpg', '0', '0', 'creamWH05.jpg', '討論', '收斂毛孔', '混合肌', '23', '緊緻毛孔', '一直以來我化妝水都比較著重在保濕，但有時真的是要針對每天不同的肌膚狀況跟問題去修正保養程序跟對應的產品，這樣才會讓肌膚每天都乖乖哦！所以我就入手了偏收斂毛孔、鎮靜肌膚的化妝水_當時從屈臣氏購入還送他們自己出品的可撕式化妝棉，我都拿來做重點濕敷，但這款我不會再購入，小小一盒cp值不高而且不好撕之外也容易也屑屑棉絮搞得鼻子很癢但畢竟它是贈品，我講歸講還是有繼續使用它來濕敷，質地/水狀、流動性高，味道/偏韓方植物草本的薄荷味，感受/敷在臉上會有薄荷涼感，我都拿來敷在T字、毛孔粗大、容易出油或是已經有痘痘的患部，鎮靜肌膚效果真的挺不錯的，覺得蠻舒緩發炎疼痛感_但收斂毛孔這部分覺得效果不大！', '8', '5', '2018-03-15'),
('22', '2', '海狗黎', '2.jpg', '女性', '一淨到底白泥潔顏乳', '卸妝潔顏', '4', '2.jpg', '0', '0', 'cleanserspore01.jpg', '討論', '潔膚水', '乾性肌', '23', '深層清潔', '這款潔膚水是三步驟中最不可或缺的產品，添加美容酒精、金縷梅酸還有少量的水楊酸，所以使用在臉上時要避開眼睛周邊，並且如果對酒精成分有疑慮的人可以跳過這款了哈哈！我自己在使用上會先等個三到五秒等酒精味不見，不然鼻子聞到真的蠻嗆的!!雖然一直以來我都認定自己的肌膚應該是混和偏乾，但其實心裡也拿不準，所以這次體驗會還附加能到倩碧櫃上做一次肌膚檢測我覺得很划算呢!我個人覺得吧.....混乾就是又有粉刺又會脫皮還有細紋跟黯沉的麻煩肌膚.......T_T，潔膚水最廣為樂傳的就是可以溫和的代謝掉老舊角質不像市售的去角質產品潔膚水是可以天天使用的，還有部落客做過實驗在卸妝後擦一次潔膚水來實測它的清潔功能。就可以用潔膚水擦出一堆髒東西喔!!!(雀躍甚麼化妝棉上黃黃髒髒的就清潔掉的角質，多了潔膚水這步驟會讓後續保養更好吸收，不過我還是要再次提醒大家不能接受酒精味的人 一定要靠櫃試過再決定要不要購入喔~~以上是我試用後的心得，希望能幫助到正在關注這項產品的人囉~~', '9', '7', '2018-03-15'),
('23', '3', '四角五角六攪拌', '3.jpg', '女性', '毛孔深層清潔泥', '卸妝潔顏', '5', '2.jpg', '0', '0', 'cleanserspore04.jpg', '討論', '不黏膩才行', '油性肌', '28', '深層清潔', '在這種高溫炎熱的夏天裡,化妝水和凝露的質地是我挑選保養產品的首選，如果是乳液和霜類,也必須使用起來不黏膩才行(不然真的會很崩潰:D),有時候清爽不黏膩的產品,保濕效果就沒有這麼厲害的感覺，但這款魚子EGF新生賦活露，不但清爽好吸收,保濕效果也不錯，而且看得出來裡頭附有油脂的成分，這是化妝水裡少見的，重點是有油卻不黏膩厚重,保濕又能鎖水~一罐是100ml,裡頭是淡淡粉紅色的!!近看很像小小的小珍珠，裡頭有厲害的魚子精華，紅色維他命B12，水解蜂王漿蛋白，EGF可以保濕鎖水降低水分流失，還有研發出美容油的液滴技術，含有與肌膚相仿的油脂親透肌膚，增加滲透效果，這款主打抗皺和保濕的產品，我本身是混合肌(最近偏乾)我是直接把它當化妝水用，用起來覺得好吸收,皮膚保濕也有提升。', '2', '7', '2018-03-15'),
('24', '4', '姬賽兒', '4.jpg', '女性', '超能紅石榴微循環潔膚乳', '卸妝潔顏', '4', '2.jpg', '0', '0', 'cleanserspore02.jpg', '討論', '混合偏油性的肌膚', '混合肌', '24', '緊緻毛孔', '流動性高的乳液質地，不用近聞就有很明顯的香味，因為我是混合偏油性的肌膚，我其實不是很喜歡用乳液的人，我夏天喜歡擦精華液，到冬天喜歡滋潤一點的乳霜，乳液這種要清爽不清爽、要滋潤也不滋潤的產品還真不知道要什麼時候用不過夏天天氣真的很崩潰的熱，粉底液已換成較乾、偏持久類型，但歐膩我本人也已是輕熟齡肌，用這類型粉底液容易顯紋路及毛孔大，也因膚況問題妝前也無法上太多保養品，這時候我上妝前擦化妝水後只擦這瓶乳液，它取代了我的日常保養和妝前乳步驟，也不會跟我後續的粉底液打架起削，還不錯用但也沒有讓我驚艷到想回購，（之前分享的DV童齡霜當妝前乳效果更好）替代品太多了用完應該是會換其他商品囉!', '8', '5', '2018-03-15'),
('25', '5', 'wenjie', '5.jpg', '女性', '深層卸_精華露', '卸妝潔顏', '3', '2.jpg', '0', '0', 'cleanserspore03.jpg', '討論', '廣告跟網友燒到', '混合肌', '25', '深層清潔', '這次是被廣告跟網友燒到，而且想說是混合肌適用的產品，就買下手啦~而且我在買保養品的時候也會看一些不添加的東西，例如：酒精(很重要)，其實我當初也沒看清楚，原來它是在晚上擦的，但是我就是很懶，不喜歡保養品分早晚，所以我早上擦，晚上也擦，大概2個月就用完了。瓶子真的很美，而且重的很有質感！每次使用是一粒豆子的大小，但是我覺得它寫的份量太少了！我大概使用五元硬幣吧。塗起來很薄很清爽，上在臉上也不會黏黏的。Before跟After其實沒有什麼差別，因為不油。但我就是不愛它的味道，不是說味道不好聞，是滿花香的。只是覺得有點太重了，希望可以是那種淡淡的清香，一點點就好。我發現這瓶跟KIEHL\'S的冰河醣蛋白無油清爽凝凍的質地很像，所以我又拿來比較啦~我的KIEHL\'S是買額送的試用品~但是也足夠我使用一週。在還沒開始用KIEHL\'S之前，我就覺得SOFINA有一點不保濕，比起我之前使用的乳液(Dr.wu 玻尿酸乳液)。它是清爽沒有錯，但是保濕的程度真的滿無感的，所以還是建議混合偏乾肌的水水要考慮一下！心得就先分享到這裡啦，謝謝水水看完我的心得', '3', '8', '2018-03-15'),
('26', '6', '傻孩子', '6.jpg', '女性', '天生麗質粉美肌精華', '精華液', '5', '2.jpg', '0', '0', 'essenceElasticity01.jpg', '討論', '不會吸光你的保養品', '混合肌', '25', '彈力澎潤', '我在全部保養完後面擦就是粉底前，這條不會吸光你的保養品\n\n專櫃也是有很多粉底有些好擦有些不好推，我試擦完這條再擦不好推的粉底\n\n真的讓我一直覺得難擦的粉底好推平滑服貼，抹兩三下就均勻不過我沒有定妝，兩小時後就脫妝，沒有它說的持久，脫妝後我試直接補這條淨白多效日間美肌乳，沒有上任何粉底，皮膚感覺好好，氣色也好，澎潤，感覺又上了一層粉底美美的，就淡淡隔離霜的感覺，不會乾乾的而且感覺很舒服\n', '4', '3', '2018-04-25'),
('27', '7', 'iyaowai', '7.jpg', '女性', '生命之源金萃精華液', '精華液', '3', '2.jpg', '0', '0', 'essenceFirming01.jpg', '討論', '淨痘粉刺調理', '乾性肌', '33', '彈力澎潤', '這瓶跟我以往用過的淨痘粉刺調理產品不同它不會刺激、不黏不油、無怪味在洗臉後使用完全不會有刺痛感!更不會造成脫皮並且它也不是那種清水般的無感化妝水色澤幾乎是透明的(我倒進透明瓶攝)茶樹味道是主調質地無油感塗抹開後是一種有如\"潤髮乳沖洗乾淨後所殘留的陽離子順滑感\"我覺得有很好的滲透性讓臉部有快速舒緩軟化角質的浸潤感基礎保濕很完善。', '6', '2', ''),
('28', '8', '甜蜜夢境', '8.jpg', '女性', '凍妍新肌澎潤精華', '精華液', '4', '2.jpg', '0', '0', 'essenceFirming02.jpg', '討論', '台灣的天氣比較潮濕', '混合肌', '28', '彈力澎潤', '台灣的天氣比較潮濕悶熱，所以大部分人的皮膚比較容易出油，再加上空氣汙染毛孔容易卡髒污及油脂，容易有毛孔粗大、長粉刺的問題，所以樂敦製藥專門為台灣研製出這款卵肌系列，卵肌溫和去角質化妝水是一款能夠幫肌膚溫和去角質，裡面有葡萄酸及金縷梅萃取，可以溫和有效去除老廢角質及黑頭粉刺，同時還能緊緻毛孔並且改善暗沉粗糙，使肌膚猶如水煮蛋般的光滑細緻。葡萄酸可以溫和軟化粗糙的角質，防止毛孔阻塞，而且還能提升皮膚的吸收機能，同時減少水分散失，讓肌膚散發出明亮感，這瓶化妝水最主要用途是主打溫和去角質、促進表皮更新、保濕 (產品包裝上寫的)，俏筆的肌膚就是屬於混合肌，在氣溫比較悶熱的天氣裡就會比較容易泛油，而且還有毛孔粗大的問題，最惱人的還會因油脂分泌而造成阻塞毛孔而長粉刺或痘痘，所以卵肌這系列非常適合像俏筆一樣有此困擾的人哦！。另外，它還有添加薄荷成分！在使用時會感覺到一股微沁涼感，很適合接下來即將要邁入比較悶熱潮濕的天氣，薄荷，它有清潔肌膚的效果，對於油性肌膚來說也有去油的效果，可以將堵塞的毛孔去油脂清潔乾淨讓毛孔變得通暢之外，還有調理肌膚、減少油脂分泌效果讓肌膚清爽乾淨並帶給皮膚清涼的感覺，還有鎮靜肌膚的效果呢！重點是，它很溫和，並不是會很刺激的涼感，卵肌系列是採弱酸性溫和的配方無添加香料、色素、礦物油及酒精成分，可以天天使用，每天都能幫肌膚溫和的去角質並且有保濕效果使用這款溫和去角質化妝水最好能夠搭配化妝棉使用倒在化妝棉上擦拭全臉去角質，也能再次清潔肌膚毛孔的髒汙，擦拭時候我會針對容易出油的T字部位，或是容易長粉刺痘痘的下巴在擦拭時候因為有添加薄荷成分，所以會感覺到一股清涼感，它非常溫和不會對肌膚造成刺激，使用後這幾天肌膚我覺得變得比較柔嫩細緻很多而且肌膚的觸感也變得咕溜很多，粗糙的感覺有改善，尤其是容易堆積角質的部位特別明顯整體上全臉也看起來明亮許多。', '4', '7', ''),
('29', '9', 'lovekat777', '9.jpg', '女性', '鎂光銀燦保濕精華液', '精華液', '4', '2.jpg', '0', '0', 'essenceHA01.jpg', '討論', '天然香了就是花香味', '乾性肌', '24', '提亮膚色', '打開瓶蓋就聞到它的天然香了就是花香味(不是人工香精的味道)質地偏水狀    用量上會比較多一些買大瓶的兩百元新台幣有找  便宜吧價格非常親民 用量上就算多了些我也不會心疼，使用後肌膚很快吸收加上不黏膩加上保濕有感肌膚真的有比較水嫩。', '7', '8', ''),
('30', '10', 'youYO', '10.jpg', '女性', '逆時完美再造精華', '乳液', '5', '2.jpg', '0', '0', 'lotionElasticity01.jpg', '討論', '化妝水就濕敷', '混合肌', '33', '彈力澎潤', '這是一款真的非常好用的化妝水就濕敷來說!對我來說化妝水分為很多用途，有時候是拿來當補水噴霧，有時候是拿來當濕敷補水用，有的可以拿來定妝有的又可以拿來當作一般洗臉完保養用綜觀以上\n，我的習慣就是把買來的化妝水分類我本身就是一個很喜歡亂買的人。因此大大小小的化妝水我都會買，不管它是貴或便宜，以保養的種種產品來說，化妝水真的算是最便宜的(相較於精華、乳液那些來說)真的算是便宜的，一罐5000元就算是很貴了，拿過種種的化妝水來濕敷，這一款算是我覺得我回回夠拿來濕敷的!第一件事就是它不是純水狀的，雖然大部分人都喜歡拿純水狀的化妝水產品作為濕敷用但我比較喜歡拿這種純水狀產品來做保濕噴霧，這一項產品雖然稍微濃稠，但是反而可以讓化妝水很好的去做吸收敷在臉上雖然用量大但反而補水度很好。原本在換季之時都會脫皮的我在換了這一款化妝水濕敷之後就有了不一樣的成果，我以前買了這項產品很多罐我都把它拿來當一般洗臉後使用，結果也是沒什麼感覺，原來是用錯方法了啊!覺得世界上每一種化妝水應該都以她該被正確使用的權利(哈)', '5', '9', ''),
('31', '1', '小鹿奔馳中', '1.jpg', '女性', '逆時緊緻精華乳', '乳液', '4', '2.jpg', '0', '0', 'lotionFirming01.jpg', '討論', '味道有點嗆', '混合肌', '23', '彈力澎潤', '味道對我而言真的是有點嗆的，而且皮膚敏感的人，真的要注意，我有點敏感，當下到下去擦的時候，真的痛到我想要尖叫，然後再擦得當下，根本就是很煎熬啊! 不能大力呼吸，因為那個酒精混合藥草的味道我會嗆到。看網路上面都是說倒一個五十元硬幣的大小，然後輕拍或是擦拭。擦拭全臉以後，其實我平常的清潔感覺都做得不錯。沒有像是網路上很多人說的一樣有很多髒東西。擦完之後你會發現過段時間後，臉會比較發亮，感覺很細緻。但是感覺真的我的臉用了一段時間有比較乾淨部長痘痘，因為工作關係壓力的關係，導致我的臉一直長痘痘，或是長粉刺。其實我的問題比較需要是正常的睡眠跟壓力的釋放。之後我覺得不錯加碼買了這個 但是這個價格比較貴316 美妝水只有260而已。真的覺得如果臉上有所謂暗瘡或是什麼的，可以用這個。有效但是這個，真的請注意有比較刺激，看個人膚質。優點\n1.有效 \n2.痘痘比較少比較穩定\n3.不容易發炎\n4.價格便宜\n5.玻璃瓶\n缺點\n1.味道很痛苦\n2.酒精很味道重 會有刺痛感\n3.擦下去瞬間刺激', '8', '9', ''),
('32', '2', '海狗黎', '2.jpg', '女性', '精萃再生花蜜精華露', '乳液', '4', '2.jpg', '0', '0', 'lotionFirming02.jpg', '討論', '我是噴霧人', '乾性肌', '23', '彈力澎潤', '不得不說 我是噴霧人，我喜歡噴霧 外出會隨身帶一罐，覺得乾的時候會噴個三下 再輕拍吸收，有時後會用噴霧取代化妝水，讓保養品程序變簡單 而卻又保濕 保水，這兩支我實在選不出我最喜歡的味道，所以我兩支都帶了，加上在日本買非常便宜 大約近六折（免稅店）直接拿兩罐也不會心疼~~目前手上的噴霧有這些:SKII 的黑噴  之後會分享(台灣從一月就沒再進了 總之台灣買不到趁這次在日本帶了一罐回來  買到黑噴超開心)', '2', '4', ''),
('33', '3', '四角五角六攪拌', '3.jpg', '女性', '花植水漾精華凝露', '乳液', '4', '2.jpg', '0', '0', 'lotionHydries01.jpg', '討論', '玫瑰跟薰衣草', '油性肌', '28', '水潤粉嫩', '這瓶真的從去年我發現之後，已經用掉好幾瓶了，最喜歡玫瑰跟薰衣草，後來出的霧面的活力水噴霧也不錯，這系列坎蒂愛到都會隨身帶出門使用 連男友也愛噴，每次噴他的臉之後他都說好舒服，我自己也很愛，可是好奇怪，這上面很少人分享耶~~所以坎蒂就一起分享囉！紅色是玫瑰，紫色是薰衣草，覺得扭轉頭很方便，想噴的時候扭開 不想噴就鎖上 放在包包也不會倒出來。心得:上妝前噴一下當化妝水使用，上完全妝後再全臉噴一層定妝(坎蒂習慣噴三四下在臉上)吸收很快，帶出門用的話補妝後再噴一層，覺得熱或臉乾的時候也可以拿出來噴保濕又涼快(咦)櫃姐說如果想讓眼影顯色也可以先噴在刷具上再沾取眼影，真的會超級顯色喔~~(眉粉也是可以這樣用)而且噴完之後粉感會減低很多，妝也會很服貼漂亮，愛用大推~~以上，報告完畢。', '8', '5', ''),
('34', '4', '姬賽兒', '4.jpg', '女性', '年輕肌密凝霜', '乳霜', '5', '2.jpg', '0', '0', 'creamHA02.jpg', '提問', '收斂毛孔', '混合肌', '24', '提亮膚色', '一直以來我化妝水都比較著重在保濕，但有時真的是要針對每天不同的肌膚狀況跟問題去修正保養程序跟對應的產品，這樣才會讓肌膚每天都乖乖哦！所以我就入手了偏收斂毛孔、鎮靜肌膚的化妝水_當時從屈臣氏購入還送他們自己出品的可撕式化妝棉，我都拿來做重點濕敷，但這款我不會再購入，小小一盒cp值不高而且不好撕之外也容易也屑屑棉絮搞得鼻子很癢但畢竟它是贈品，我講歸講還是有繼續使用它來濕敷，質地/水狀、流動性高，味道/偏韓方植物草本的薄荷味，感受/敷在臉上會有薄荷涼感，我都拿來敷在T字、毛孔粗大、容易出油或是已經有痘痘的患部，鎮靜肌膚效果真的挺不錯的，覺得蠻舒緩發炎疼痛感_但收斂毛孔這部分覺得效果不大！', '9', '2', ''),
('35', '5', 'wenjie', '5.jpg', '女性', '年輕肌密緊緻精華乳霜', '乳霜', '4', '2.jpg', '0', '0', 'creamHA01.jpg', '提問', '潔膚水', '混合肌', '25', '提亮膚色', '這款潔膚水是三步驟中最不可或缺的產品，添加美容酒精、金縷梅酸還有少量的水楊酸，所以使用在臉上時要避開眼睛周邊，並且如果對酒精成分有疑慮的人可以跳過這款了哈哈！我自己在使用上會先等個三到五秒等酒精味不見，不然鼻子聞到真的蠻嗆的!!雖然一直以來我都認定自己的肌膚應該是混和偏乾，但其實心裡也拿不準，所以這次體驗會還附加能到倩碧櫃上做一次肌膚檢測我覺得很划算呢!我個人覺得吧.....混乾就是又有粉刺又會脫皮還有細紋跟黯沉的麻煩肌膚.......T_T，潔膚水最廣為樂傳的就是可以溫和的代謝掉老舊角質不像市售的去角質產品潔膚水是可以天天使用的，還有部落客做過實驗在卸妝後擦一次潔膚水來實測它的清潔功能。就可以用潔膚水擦出一堆髒東西喔!!!(雀躍甚麼化妝棉上黃黃髒髒的就清潔掉的角質，多了潔膚水這步驟會讓後續保養更好吸收，不過我還是要再次提醒大家不能接受酒精味的人 一定要靠櫃試過再決定要不要購入喔~~以上是我試用後的心得，希望能幫助到正在關注這項產品的人囉~~', '2', '5', ''),
('36', '6', '傻孩子', '6.jpg', '女性', '超水妍舒緩保濕霜', '乳霜', '3', '2.jpg', '0', '0', 'creamhydries02.jpg', '提問', '不黏膩才行', '混合肌', '25', '水潤粉嫩', '在這種高溫炎熱的夏天裡,化妝水和凝露的質地是我挑選保養產品的首選，如果是乳液和霜類,也必須使用起來不黏膩才行(不然真的會很崩潰:D),有時候清爽不黏膩的產品,保濕效果就沒有這麼厲害的感覺，但這款魚子EGF新生賦活露，不但清爽好吸收,保濕效果也不錯，而且看得出來裡頭附有油脂的成分，這是化妝水裡少見的，重點是有油卻不黏膩厚重,保濕又能鎖水~一罐是100ml,裡頭是淡淡粉紅色的!!近看很像小小的小珍珠，裡頭有厲害的魚子精華，紅色維他命B12，水解蜂王漿蛋白，EGF可以保濕鎖水降低水分流失，還有研發出美容油的液滴技術，含有與肌膚相仿的油脂親透肌膚，增加滲透效果，這款主打抗皺和保濕的產品，我本身是混合肌(最近偏乾)我是直接把它當化妝水用，用起來覺得好吸收,皮膚保濕也有提升。', '8', '7', ''),
('37', '7', 'iyaowai', '7.jpg', '女性', '絕對完美金粹乳霜', '乳霜', '5', '2.jpg', '0', '0', 'creamHydries03.jpg', '提問', '混合偏油性的肌膚', '乾性肌', '33', '水潤粉嫩', '流動性高的乳液質地，不用近聞就有很明顯的香味，因為我是混合偏油性的肌膚，我其實不是很喜歡用乳液的人，我夏天喜歡擦精華液，到冬天喜歡滋潤一點的乳霜，乳液這種要清爽不清爽、要滋潤也不滋潤的產品還真不知道要什麼時候用不過夏天天氣真的很崩潰的熱，粉底液已換成較乾、偏持久類型，但歐膩我本人也已是輕熟齡肌，用這類型粉底液容易顯紋路及毛孔大，也因膚況問題妝前也無法上太多保養品，這時候我上妝前擦化妝水後只擦這瓶乳液，它取代了我的日常保養和妝前乳步驟，也不會跟我後續的粉底液打架起削，還不錯用但也沒有讓我驚艷到想回購，（之前分享的DV童齡霜當妝前乳效果更好）替代品太多了用完應該是會換其他商品囉!', '3', '9', ''),
('38', '8', '甜蜜夢境', '8.jpg', '女性', '煥白精華日霜', '乳霜', '3', '2.jpg', '0', '0', 'creamWH01.png', '提問', '廣告跟網友燒到', '混合肌', '28', '緊緻毛孔', '這次是被廣告跟網友燒到，而且想說是混合肌適用的產品，就買下手啦~而且我在買保養品的時候也會看一些不添加的東西，例如：酒精(很重要)，其實我當初也沒看清楚，原來它是在晚上擦的，但是我就是很懶，不喜歡保養品分早晚，所以我早上擦，晚上也擦，大概2個月就用完了。瓶子真的很美，而且重的很有質感！每次使用是一粒豆子的大小，但是我覺得它寫的份量太少了！我大概使用五元硬幣吧。塗起來很薄很清爽，上在臉上也不會黏黏的。Before跟After其實沒有什麼差別，因為不油。但我就是不愛它的味道，不是說味道不好聞，是滿花香的。只是覺得有點太重了，希望可以是那種淡淡的清香，一點點就好。我發現這瓶跟KIEHL\'S的冰河醣蛋白無油清爽凝凍的質地很像，所以我又拿來比較啦~我的KIEHL\'S是買額送的試用品~但是也足夠我使用一週。在還沒開始用KIEHL\'S之前，我就覺得SOFINA有一點不保濕，比起我之前使用的乳液(Dr.wu 玻尿酸乳液)。它是清爽沒有錯，但是保濕的程度真的滿無感的，所以還是建議混合偏乾肌的水水要考慮一下！心得就先分享到這裡啦，謝謝水水看完我的心得', '4', '-9', ''),
('39', '9', 'lovekat777', '9.jpg', '女性', '精粹亮妍奇蹟霜', '乳霜', '4', '2.jpg', '0', '0', 'creamWH02.jpg', '提問', '不會吸光你的保養品', '乾性肌', '24', '緊緻毛孔', '我在全部保養完後面擦就是粉底前，這條不會吸光你的保養品\n\n專櫃也是有很多粉底有些好擦有些不好推，我試擦完這條再擦不好推的粉底\n\n真的讓我一直覺得難擦的粉底好推平滑服貼，抹兩三下就均勻不過我沒有定妝，兩小時後就脫妝，沒有它說的持久，脫妝後我試直接補這條淨白多效日間美肌乳，沒有上任何粉底，皮膚感覺好好，氣色也好，澎潤，感覺又上了一層粉底美美的，就淡淡隔離霜的感覺，不會乾乾的而且感覺很舒服\n', '6', '7', ''),
('40', '10', 'youYO', '10.jpg', '女性', '極淨鑽白凝霜', '乳霜', '4', '2.jpg', '0', '0', 'creamWH03.jpg', '提問', '淨痘粉刺調理', '混合肌', '33', '緊緻毛孔', '這瓶跟我以往用過的淨痘粉刺調理產品不同它不會刺激、不黏不油、無怪味在洗臉後使用完全不會有刺痛感!更不會造成脫皮並且它也不是那種清水般的無感化妝水色澤幾乎是透明的(我倒進透明瓶攝)茶樹味道是主調質地無油感塗抹開後是一種有如\"潤髮乳沖洗乾淨後所殘留的陽離子順滑感\"我覺得有很好的滲透性讓臉部有快速舒緩軟化角質的浸潤感基礎保濕很完善。', '4', '9', ''),
('41', '1', '小鹿奔馳中', '1.jpg', '女性', '透白修護水凝乳', '乳霜', '5', '2.jpg', '0', '0', 'creamWH04.jpg', '提問', '台灣的天氣比較潮濕', '混合肌', '23', '緊緻毛孔', '台灣的天氣比較潮濕悶熱，所以大部分人的皮膚比較容易出油，再加上空氣汙染毛孔容易卡髒污及油脂，容易有毛孔粗大、長粉刺的問題，所以樂敦製藥專門為台灣研製出這款卵肌系列，卵肌溫和去角質化妝水是一款能夠幫肌膚溫和去角質，裡面有葡萄酸及金縷梅萃取，可以溫和有效去除老廢角質及黑頭粉刺，同時還能緊緻毛孔並且改善暗沉粗糙，使肌膚猶如水煮蛋般的光滑細緻。葡萄酸可以溫和軟化粗糙的角質，防止毛孔阻塞，而且還能提升皮膚的吸收機能，同時減少水分散失，讓肌膚散發出明亮感，這瓶化妝水最主要用途是主打溫和去角質、促進表皮更新、保濕 (產品包裝上寫的)，俏筆的肌膚就是屬於混合肌，在氣溫比較悶熱的天氣裡就會比較容易泛油，而且還有毛孔粗大的問題，最惱人的還會因油脂分泌而造成阻塞毛孔而長粉刺或痘痘，所以卵肌這系列非常適合像俏筆一樣有此困擾的人哦！。另外，它還有添加薄荷成分！在使用時會感覺到一股微沁涼感，很適合接下來即將要邁入比較悶熱潮濕的天氣，薄荷，它有清潔肌膚的效果，對於油性肌膚來說也有去油的效果，可以將堵塞的毛孔去油脂清潔乾淨讓毛孔變得通暢之外，還有調理肌膚、減少油脂分泌效果讓肌膚清爽乾淨並帶給皮膚清涼的感覺，還有鎮靜肌膚的效果呢！重點是，它很溫和，並不是會很刺激的涼感，卵肌系列是採弱酸性溫和的配方無添加香料、色素、礦物油及酒精成分，可以天天使用，每天都能幫肌膚溫和的去角質並且有保濕效果使用這款溫和去角質化妝水最好能夠搭配化妝棉使用倒在化妝棉上擦拭全臉去角質，也能再次清潔肌膚毛孔的髒汙，擦拭時候我會針對容易出油的T字部位，或是容易長粉刺痘痘的下巴在擦拭時候因為有添加薄荷成分，所以會感覺到一股清涼感，它非常溫和不會對肌膚造成刺激，使用後這幾天肌膚我覺得變得比較柔嫩細緻很多而且肌膚的觸感也變得咕溜很多，粗糙的感覺有改善，尤其是容易堆積角質的部位特別明顯整體上全臉也看起來明亮許多。', '7', '3', ''),
('42', '2', '海狗黎', '2.jpg', '女性', '淨光透白傑膚乳', '乳霜', '4', '2.jpg', '0', '0', 'creamWH05.jpg', '提問', '天然香了就是花香味', '乾性肌', '23', '緊緻毛孔', '打開瓶蓋就聞到它的天然香了就是花香味(不是人工香精的味道)質地偏水狀    用量上會比較多一些買大瓶的兩百元新台幣有找  便宜吧價格非常親民 用量上就算多了些我也不會心疼，使用後肌膚很快吸收加上不黏膩加上保濕有感肌膚真的有比較水嫩。', '5', '5', ''),
('', '', '', '', '', '', '', '', '', '0', '0', '', '', '', '', '', '', '', '', '', ''),
('', '', '', '', '', '', '', '', '', '0', '0', '', '', '', '', '', '', '', '', '', ''),
('', '', '', '', '', '', '', '', '', '0', '0', '', '', '', '', '', '', '', '', '', ''),
('', '', '', '', '', '', '', '', '', '0', '0', '', '', '', '', '', '', '', '', '', ''),
('', '', '', '', '', '', '', '', '', '0', '0', '', '', '', '', '', '', '', '', '', ''),
('', '', '', '', '', '', '', '', '', '0', '0', '', '', '', '', '', '', '', '', '', ''),
('', '', '', '', '', '', '', '', '', '0', '0', '', '', '', '', '', '', '', '', '', ''),
('', '', '', '', '', '', '', '', '', '0', '0', '', '', '', '', '', '', '', '', '', ''),
('', '', '', '', '', '', '', '', '', '0', '0', '', '', '', '', '', '', '', '', '', ''),
('', '', '', '', '', '', '', '', '', '0', '0', '', '', '', '', '', '', '', '', '', ''),
('', '', '', '', '', '', '', '', '', '0', '0', '', '', '', '', '', '', '', '', '', ''),
('', '', '', '', '', '', '', '', '', '0', '0', '', '', '', '', '', '', '', '', '', ''),
('', '', '', '', '', '', '', '', '', '0', '0', '', '', '', '', '', '', '', '', '', ''),
('', '', '', '', '', '', '', '', '', '0', '0', '', '', '', '', '', '', '', '', '', ''),
('', '', '', '', '', '', '', '', '', '0', '0', '', '', '', '', '', '', '', '', '', ''),
('', '', '', '', '', '', '', '', '', '0', '0', '', '', '', '', '', '', '', '', '', ''),
('', '', '', '', '', '', '', '', '', '0', '0', '', '', '', '', '', '', '', '', '', ''),
('', '', '', '', '', '', '', '', '', '0', '0', '', '', '', '', '', '', '', '', '', ''),
('', '', '', '', '', '', '', '', '', '0', '0', '', '', '', '', '', '', '', '', '', ''),
('', '', '', '', '', '', '', '', '', '0', '0', '', '', '', '', '', '', '', '', '', ''),
('', '', '', '', '', '', '', '', '', '0', '0', '', '', '', '', '', '', '', '', '', ''),
('', '', '', '', '', '', '', '', '', '0', '0', '', '', '', '', '', '', '', '', '', ''),
('', '', '', '', '', '', '', '', '', '0', '0', '', '', '', '', '', '', '', '', '', ''),
('', '', '', '', '', '', '', '', '', '0', '0', '', '', '', '', '', '', '', '', '', ''),
('', '', '', '', '', '', '', '', '', '0', '0', '', '', '', '', '', '', '', '', '', ''),
('', '', '', '', '', '', '', '', '', '0', '0', '', '', '', '', '', '', '', '', '', ''),
('', '', '', '', '', '', '', '', '', '0', '0', '', '', '', '', '', '', '', '', '', ''),
('', '', '', '', '', '', '', '', '', '0', '0', '', '', '', '', '', '', '', '', '', ''),
('', '', '', '', '', '', '', '', '', '0', '0', '', '', '', '', '', '', '', '', '', ''),
('', '', '', '', '', '', '', '', '', '0', '0', '', '', '', '', '', '', '', '', '', ''),
('', '', '', '', '', '', '', '', '', '0', '0', '', '', '', '', '', '', '', '', '', ''),
('', '', '', '', '', '', '', '', '', '0', '0', '', '', '', '', '', '', '', '', '', ''),
('', '', '', '', '', '', '', '', '', '0', '0', '', '', '', '', '', '', '', '', '', ''),
('', '', '', '', '', '', '', '', '', '0', '0', '', '', '', '', '', '', '', '', '', ''),
('', '', '', '', '', '', '', '', '', '0', '0', '', '', '', '', '', '', '', '', '', ''),
('', '', '', '', '', '', '', '', '', '0', '0', '', '', '', '', '', '', '', '', '', ''),
('', '', '', '', '', '', '', '', '', '0', '0', '', '', '', '', '', '', '', '', '', ''),
('', '', '', '', '', '', '', '', '', '0', '0', '', '', '', '', '', '', '', '', '', ''),
('', '', '', '', '', '', '', '', '', '0', '0', '', '', '', '', '', '', '', '', '', ''),
('', '', '', '', '', '', '', '', '', '0', '0', '', '', '', '', '', '', '', '', '', ''),
('', '', '', '', '', '', '', '', '', '0', '0', '', '', '', '', '', '', '', '', '', ''),
('', '', '', '', '', '', '', '', '', '0', '0', '', '', '', '', '', '', '', '', '', ''),
('', '', '', '', '', '', '', '', '', '0', '0', '', '', '', '', '', '', '', '', '', ''),
('', '', '', '', '', '', '', '', '', '0', '0', '', '', '', '', '', '', '', '', '', ''),
('', '', '', '', '', '', '', '', '', '0', '0', '', '', '', '', '', '', '', '', '', ''),
('', '', '', '', '', '', '', '', '', '0', '0', '', '', '', '', '', '', '', '', '', ''),
('', '', '', '', '', '', '', '', '', '0', '0', '', '', '', '', '', '', '', '', '', ''),
('', '', '', '', '', '', '', '', '', '0', '0', '', '', '', '', '', '', '', '', '', ''),
('', '', '', '', '', '', '', '', '', '0', '0', '', '', '', '', '', '', '', '', '', ''),
('', '', '', '', '', '', '', '', '', '0', '0', '', '', '', '', '', '', '', '', '', ''),
('', '', '', '', '', '', '', '', '', '0', '0', '', '', '', '', '', '', '', '', '', ''),
('', '', '', '', '', '', '', '', '', '0', '0', '', '', '', '', '', '', '', '', '', ''),
('', '', '', '', '', '', '', '', '', '0', '0', '', '', '', '', '', '', '', '', '', ''),
('', '', '', '', '', '', '', '', '', '0', '0', '', '', '', '', '', '', '', '', '', ''),
('', '', '', '', '', '', '', '', '', '0', '0', '', '', '', '', '', '', '', '', '', ''),
('', '', '', '', '', '', '', '', '', '0', '0', '', '', '', '', '', '', '', '', '', ''),
('', '', '', '', '', '', '', '', '', '0', '0', '', '', '', '', '', '', '', '', '', ''),
('', '', '', '', '', '', '', '', '', '0', '0', '', '', '', '', '', '', '', '', '', ''),
('', '', '', '', '', '', '', '', '', '0', '0', '', '', '', '', '', '', '', '', '', ''),
('', '', '', '', '', '', '', '', '', '0', '0', '', '', '', '', '', '', '', '', '', ''),
('', '', '', '', '', '', '', '', '', '0', '0', '', '', '', '', '', '', '', '', '', ''),
('', '', '', '', '', '', '', '', '', '0', '0', '', '', '', '', '', '', '', '', '', ''),
('', '', '', '', '', '', '', '', '', '0', '0', '', '', '', '', '', '', '', '', '', ''),
('', '', '', '', '', '', '', '', '', '0', '0', '', '', '', '', '', '', '', '', '', ''),
('', '', '', '', '', '', '', '', '', '0', '0', '', '', '', '', '', '', '', '', '', ''),
('', '', '', '', '', '', '', '', '', '0', '0', '', '', '', '', '', '', '', '', '', ''),
(NULL, '1', '', '', '', '', '', '0', 'bg_nav.png', '0', '0', '1', '', '', 'null', '0', NULL, '', 'null', 'null', 'null'),
(NULL, '1', '', '', '男性', 'ji3ji33', '精華液', '2', 'smile_2.jpg', '0', '0', '1', '', '', '乾性肌', '44', NULL, 'jijijijijijiji', 'null', 'null', 'null'),
(NULL, '1', '', '', '', '', '', '0', 'about.png', '0', '0', '1', '', '', 'null', '0', NULL, '', 'null', 'null', 'null'),
(NULL, '1', '', '', '', '', '', '0', 'back.png', '0', '0', '1', '', '', 'null', '0', NULL, '', 'null', 'null', 'null'),
(NULL, '1', '', '', '', '', '', '0', 'back.png', '0', '0', '1', '', '', 'null', '0', NULL, '', 'null', 'null', 'null'),
(NULL, '1', '', '', '', '', '', '0', 'about_roll.png', '0', '0', '1', '', '', 'null', '0', NULL, '', 'null', 'null', 'null'),
(NULL, '1', '', '', '', '', '', '0', 'smile_2.jpg', '0', '0', '1', '', '', 'null', '0', NULL, '', 'null', 'null', 'null'),
(NULL, '1', '', '', '', '', '', '0', 'bg_nav.png', '0', '0', '1', '', '', 'null', '0', NULL, '', 'null', 'null', 'null'),
(NULL, '[object Object]', '', '', '男性', 'ji3ji3ji3', '', '2', '[object FileList]', '0', '0', '1', '提問', 'jljiohk', '油性肌', '23', NULL, 'gjiomngl', 'null', 'null', 'null'),
(NULL, '2', '', '', '', 'jijijijij', '精華液', '4', NULL, NULL, NULL, '1', '提問', 'kokokoko', '乾性肌', '34', NULL, 'qqqqqqqq', 'null', 'null', 'null'),
(NULL, '3', '', '', '', 'iiiiiii', '', '0', NULL, NULL, NULL, '1', '提問', 'iiiiiiii', 'null', '23', NULL, 'iiiiiiiiiii', 'null', 'null', 'null'),
(NULL, '3', '', '', '', 'aaaaaaaaa', '', '0', NULL, NULL, NULL, '1', '提問', 'aaaaaaaaa', 'null', '34', NULL, 'aaaaaaa', 'null', 'null', 'null'),
(NULL, '3', '', '', '', 'fffff', '', '0', NULL, NULL, NULL, '1', '', 'ffffff', 'null', '44', NULL, 'fffff', 'null', 'null', 'null'),
(NULL, '3', '', '', '', 'dddddd', '', '0', 'a.jpg', NULL, NULL, '1', '', 'dddd', 'null', '55', NULL, 'dd', 'null', 'null', 'null'),
(NULL, '3', '', '', '', 'qqqqq', '', '0', 'about_bg.gif', 'about_bg.jpg', 'about_roll.png', '1', '', 'qqqqqq', 'null', '23', NULL, 'qqqqq', 'null', 'null', 'null'),
(NULL, '3', '', '', '', 'zzzzzzzz', '', '0', 'about_bg.gif', 'about_bg.jpg', 'about_roll.png', '1', '', 'zzzzzzzz', 'null', '23', NULL, 'zzzzz', 'null', 'null', 'null'),
(NULL, '3', '', '', '男性', 'jijijijijijijiji', '卸妝潔顏', '0', 'smile_2.jpg', 'smile_3.jpg', 'smile.jpg', '1', '討論', '11111', '乾性肌', '23', NULL, 'kkkkkkkkkkkkkkkkkkk', 'null', 'null', 'null'),
(NULL, '1', '', '', '', '', '', '0', 'check.jpg', 'dr_strange.jpg', 'earth.jpg', '1', '', '', 'null', '', NULL, '', 'null', 'null', 'null'),
(NULL, '1', '', '', '', '', '', 'null', 'header_bg_photo.jpg', 'main_date_icon.gif', 'main_head_icon.gif', '1', '提問', 'aaaa', 'null', '', NULL, 'dddd', 'null', 'null', 'null'),
(NULL, '1', '', '', '', 'jjjjjj', '', 'null', 'header_bg_photo.jpg', 'main_photo.jpg', 'navi_icon.gif', '1', '', 'ddddd', '乾性肌', '67', NULL, 'kkkkkkkkkkkkk', 'null', 'null', 'null'),
(NULL, '5', '', '', '', '111111111', '', 'null', '843341279_m.jpg', NULL, NULL, '1', '', '', 'null', '', NULL, '1111', 'null', 'null', 'null'),
(NULL, '5', '', '', '', '', '', '3', '39441958_580290669054337_3357549172789084160_n.jpg', NULL, NULL, '1', '', '111111111', '乾性肌', '1111', NULL, '11111111', 'null', 'null', 'null'),
(NULL, '5', '', '', '', '', '', '3', NULL, NULL, NULL, '1', '', '111111111', '乾性肌', '1111', NULL, '11111111', 'null', 'null', 'null'),
(NULL, '5', '', '', '', '', '', 'null', NULL, NULL, NULL, '1', '', '', 'null', '', NULL, '111111111', 'null', 'null', 'null'),
(NULL, '5', '', '', '', '22222', '', 'null', NULL, NULL, NULL, '1', '', '222222222', '乾性肌', '222', NULL, '222222222222', 'null', 'null', 'null');

-- --------------------------------------------------------

--
-- 資料表結構 `category`
--

CREATE TABLE `category` (
  `type_id` int(11) NOT NULL,
  `type_name` varchar(255) NOT NULL
) ENGINE=InnoDB DEFAULT CHARSET=utf8;

--
-- 資料表的匯出資料 `category`
--

INSERT INTO `category` (`type_id`, `type_name`) VALUES
(1, '化妝水'),
(2, '卸妝潔顏'),
(3, '精華液'),
(4, '乳液'),
(5, '乳霜'),
(6, '眼霜'),
(7, '保養油'),
(8, '防曬'),
(9, '精油');

-- --------------------------------------------------------

--
-- 資料表結構 `catena`
--

CREATE TABLE `catena` (
  `catena_id` int(11) NOT NULL,
  `catena_name` varchar(50) NOT NULL
) ENGINE=InnoDB DEFAULT CHARSET=utf8;

--
-- 資料表的匯出資料 `catena`
--

INSERT INTO `catena` (`catena_id`, `catena_name`) VALUES
(1, '水潤粉嫩'),
(2, '深層清潔'),
(3, '緊緻毛孔'),
(4, '提亮膚色'),
(5, '彈力澎潤');

-- --------------------------------------------------------

--
-- 資料表結構 `course_category`
--

CREATE TABLE `course_category` (
  `idx` int(255) NOT NULL,
  `link_name` varchar(1000) DEFAULT NULL,
  `img_url` varchar(1000) DEFAULT NULL,
  `course_category` int(255) DEFAULT NULL,
  `note` varchar(1000) DEFAULT NULL
) ENGINE=InnoDB DEFAULT CHARSET=utf8;

--
-- 資料表的匯出資料 `course_category`
--

INSERT INTO `course_category` (`idx`, `link_name`, `img_url`, `course_category`, `note`) VALUES
(1, '證照課程', 'tag-1.svg', 1, '證照:1\r\n手技:2\r\n芳香:3\r\n護理:4\r\n企業:5'),
(2, '手技課程', 'tag-2.svg', 2, NULL),
(3, '芳香體驗', 'tag-3.svg', 3, NULL),
(4, '肌膚護理', 'tag-4.svg', 4, NULL),
(5, '企業講座', 'tag.svg', 5, NULL);

-- --------------------------------------------------------

--
-- 資料表結構 `c_link`
--

CREATE TABLE `c_link` (
  `idx` int(255) NOT NULL,
  `link_name` varchar(1000) DEFAULT NULL,
  `img_url` varchar(1000) DEFAULT NULL,
  `note` varchar(1000) DEFAULT NULL
) ENGINE=InnoDB DEFAULT CHARSET=utf8;

--
-- 資料表的匯出資料 `c_link`
--

INSERT INTO `c_link` (`idx`, `link_name`, `img_url`, `note`) VALUES
(1, '個人網站', NULL, NULL),
(2, 'facebook', '/img/fb', NULL),
(3, 'ig', '/img/ig', NULL);

-- --------------------------------------------------------

--
-- 資料表結構 `c_message`
--

CREATE TABLE `c_message` (
  `idx` int(255) NOT NULL,
  `c_id` int(255) DEFAULT NULL,
  `q_user_id` int(255) DEFAULT NULL,
  `q_content` varchar(1000) DEFAULT NULL,
  `teacher_id` int(255) DEFAULT NULL,
  `a_content` varchar(1000) DEFAULT NULL,
  `create_dTime` datetime DEFAULT NULL,
  `status` int(255) DEFAULT NULL,
  `note` varchar(1000) DEFAULT NULL
) ENGINE=InnoDB DEFAULT CHARSET=utf8;

--
-- 資料表的匯出資料 `c_message`
--

INSERT INTO `c_message` (`idx`, `c_id`, `q_user_id`, `q_content`, `teacher_id`, `a_content`, `create_dTime`, `status`, `note`) VALUES
(1, 1, 1, '123456789', 0, NULL, '2018-11-09 00:00:00', 1, '1:發問\r\n2:刪除\r\n3:已回復\r\n4:審核中');

-- --------------------------------------------------------

--
-- 資料表結構 `c_order`
--

CREATE TABLE `c_order` (
  `idx` int(255) NOT NULL,
  `c_id` int(255) DEFAULT NULL,
  `user_id` int(255) DEFAULT NULL,
  `buy_purchase` int(255) DEFAULT NULL,
  `amount` int(255) DEFAULT NULL,
  `total_amount` int(255) DEFAULT NULL,
  `create_dTime` datetime DEFAULT CURRENT_TIMESTAMP,
  `update_dTime` datetime DEFAULT NULL,
  `start` int(255) DEFAULT NULL,
  `nose` varchar(1000) DEFAULT NULL
) ENGINE=InnoDB DEFAULT CHARSET=utf8;

--
-- 資料表的匯出資料 `c_order`
--

INSERT INTO `c_order` (`idx`, `c_id`, `user_id`, `buy_purchase`, `amount`, `total_amount`, `create_dTime`, `update_dTime`, `start`, `nose`) VALUES
(1, 1, 1, 1, 1200, 1200, '0000-00-00 00:00:00', '0000-00-00 00:00:00', 1, ''),
(2, 1, 2, 2, 1200, 2400, '0000-00-00 00:00:00', '0000-00-00 00:00:00', 1, ''),
(3, 3, 1, 3, 1200, 3600, '0000-00-00 00:00:00', '0000-00-00 00:00:00', 1, ''),
(4, 2, 2, 2, 2000, 4000, '0000-00-00 00:00:00', '0000-00-00 00:00:00', 1, ''),
(5, 3, 4, 4, 1500, 6000, '0000-00-00 00:00:00', '0000-00-00 00:00:00', 1, ''),
(6, 10, 2, 1, 1200, 1200, '0000-00-00 00:00:00', '0000-00-00 00:00:00', 1, ''),
(7, 5, 3, 2, 2600, 4200, '0000-00-00 00:00:00', '0000-00-00 00:00:00', 1, ''),
(8, 8, 1, 3, 1200, 3600, '0000-00-00 00:00:00', '0000-00-00 00:00:00', 1, ''),
(9, 4, 1, 4, 1500, 6000, '0000-00-00 00:00:00', '0000-00-00 00:00:00', 1, ''),
(10, 5, 2, 1, 2600, 2600, '0000-00-00 00:00:00', '0000-00-00 00:00:00', 1, ''),
(11, 4, 2, 2, 20000, 40000, '0000-00-00 00:00:00', '0000-00-00 00:00:00', 2, ''),
(12, 4, 3, 3, 20000, 60000, '0000-00-00 00:00:00', '0000-00-00 00:00:00', 2, ''),
(13, 5, 1, 4, 2600, 10400, '0000-00-00 00:00:00', '0000-00-00 00:00:00', 1, ''),
(14, 7, 2, 5, 20000, 100000, '0000-00-00 00:00:00', '0000-00-00 00:00:00', 2, ''),
(15, 7, 1, 6, 1500, 9000, '0000-00-00 00:00:00', '0000-00-00 00:00:00', 1, ''),
(16, 3, 2, 1, 1500, 1500, '0000-00-00 00:00:00', '0000-00-00 00:00:00', 1, ''),
(17, 25, 10, 5, NULL, NULL, '2018-12-14 05:44:28', NULL, 1, NULL),
(18, 25, 10, 5, NULL, NULL, '2018-12-14 05:44:30', NULL, 1, NULL),
(19, 24, 8, 3, NULL, NULL, '2018-12-14 05:45:27', NULL, NULL, NULL),
(20, 22, 9, 1, NULL, NULL, '2018-12-14 05:45:27', NULL, NULL, NULL),
(21, 24, 8, 3, NULL, NULL, '2018-12-14 05:45:29', NULL, NULL, NULL),
(22, 22, 9, 1, NULL, NULL, '2018-12-14 05:45:29', NULL, NULL, NULL);

-- --------------------------------------------------------

--
-- 資料表結構 `c_room`
--

CREATE TABLE `c_room` (
  `idx` int(200) NOT NULL,
  `cs_id` int(200) DEFAULT NULL,
  `user_id` int(200) DEFAULT NULL,
  `c_category` int(20) DEFAULT NULL,
  `c_title` varchar(20) DEFAULT NULL,
  `c_address` varchar(200) DEFAULT NULL,
  `c_area` varchar(100) DEFAULT NULL,
  `c_phone` varchar(30) DEFAULT NULL,
  `c_people` int(255) DEFAULT NULL,
  `amount` int(255) DEFAULT NULL,
  `c_total_time` int(255) DEFAULT NULL,
  `c_opdate` datetime DEFAULT NULL,
  `c_detail` varchar(1000) DEFAULT NULL,
  `c_img1` varchar(1000) DEFAULT NULL,
  `c_img2` varchar(1000) DEFAULT NULL,
  `product_1` varchar(1000) DEFAULT NULL,
  `create_dTime` datetime DEFAULT CURRENT_TIMESTAMP,
  `update_dTime` datetime DEFAULT NULL,
  `start` int(255) DEFAULT NULL,
  `note` varchar(1000) DEFAULT NULL
) ENGINE=InnoDB DEFAULT CHARSET=utf8;

--
-- 資料表的匯出資料 `c_room`
--

INSERT INTO `c_room` (`idx`, `cs_id`, `user_id`, `c_category`, `c_title`, `c_address`, `c_area`, `c_phone`, `c_people`, `amount`, `c_total_time`, `c_opdate`, `c_detail`, `c_img1`, `c_img2`, `product_1`, `create_dTime`, `update_dTime`, `start`, `note`) VALUES
(1, 1, 1, 4, '臉部清潔不適當 容易引發臉部肌膚問題', '忠孝西路一段50號17樓之1', '台北市', '(02)7726-5845', 30, 1200, 180, '2018-11-01 07:00:00', '皺紋：洗臉時，不宜用過熱的水、洗得太用力，此舉易導致毛孔粗大、乾燥而產生皺紋。建議可使用高保濕潔顏系列產品，可加強洗後的潤澤感。\r\n痘痘：用低溫的水洗臉，會使皮膚毛孔緊閉，面部的皮脂、污垢及殘留物等無法完全清潔乾淨，容易導致肌膚發炎，進而長出惱人的痘痘。建議可使用控油潔顏系列產品，亦可用於因皮脂分泌過旺而引起的油性肌。\r\n皮膚過敏：毛巾的纖維比毛孔大，很難清除深處污垢油脂，而潮濕的毛巾還容易孳生各種細菌，與皮膚摩擦易導致皮膚過敏。建議使用柔敏潔顏系列產品，亦可用於敏感性肌膚，及天氣忽冷忽熱或換季時所造成的肌膚敏感。\r\n課程大綱：\r\n皮膚學概論 皮膚保養與護理程序(一)\r\n皮膚保養與護理程序(二)\r\n臉部護理程序及手法教育\r\n歐式手法按摩(一) \r\n歐式手法按摩(二)\r\n臉部護理流程複習(一) \r\n臉部護理流程複習(二)', 'a.jpg', '1387938109-1593935606.jpg', '1', '2018-11-05 08:00:00', '0000-00-00 00:00:00', 1, '1:上架中,2:到期,3:審核中,4:停權中'),
(2, 2, 2, 3, '芳療基本認知', '忠孝西路一段50號17樓之1', '台北市', '(02)7726-5845', 30, 2000, 180, '2018-11-03 11:00:00', '何謂精油(一) \r\n精油認識\r\n何謂精油(二) \r\n精油對人體的影響\r\n淋巴排毒(一)\r\n淋巴排毒(二)\r\n全身刮痧(一) \r\n全身刮痧(二)', 'unnamed.jpg', 'shutterstock_682212448-570x350.jpg', '2', '2018-11-06 09:00:00', '0000-00-00 00:00:00', 1, ''),
(3, 3, 7, 5, '全球V.S.S活性水微粒子技術', '忠孝西路一段50號17樓之1', '台北市', '(02)7726-5845', 30, 1500, 180, '2018-11-01 08:00:00', '使用全球VSS活性水超細微粒子蒸氣技術~Vibration Science System的略稱。可滲透至肌膚底\r\n層，讓肌膚更飽水並恢復健康。', '32004900_L-s.jpg', '35151266_515201028896635_4209883220772126720_n.jpg', '3', '2018-11-05 09:00:00', '0000-00-00 00:00:00', 1, ''),
(4, 4, 5, 1, '美容丙級證照班', '忠孝西路一段50號17樓之1', '新北市', '(02)7726-5845', 30, 20000, 360, '2018-11-06 07:00:00', '課程囊括多項spa護膚技能，如正統歐式按摩、日式油壓、芳香療法...透\r\n過講師手技示範及實際演練，階段式建立紮實護膚手技\r\n完整就業輔導、行銷經營課程幫助學員結業後迅速成為獨當一面的美容\r\n師，是有志進入美容產業的學員不容錯過的課程\r\n美容護膚技術為專櫃美容師、沙龍美容師及美容相關事業必備技能，配\r\n合考取美容證照更能大幅提升專業形象、顧客信任度', '42940141_523958088069595_4364296713926606848_n.jpg', 'normal_1203936087.jpg', '4', '2018-11-08 10:00:00', '0000-00-00 00:00:00', 1, ''),
(5, 5, 5, 2, '專業按摩技術班', '忠孝西路一段50號17樓之1', '台北市', '(02)7726-5845', 30, 2600, 180, '2018-11-07 10:00:00', '歐式全身淋巴排毒：\r\n與歐洲同部手法，施以舒緩輕柔手技達到代謝之效果,並配何淋巴走向更始達到排毒功效！ \r\n( 本式適用於.易水腫、虛胖體質、夜生活、長期生病、老人等..代謝較慢毒素盤留者！)\r\n全身義式順氣療法：\r\n義大利式手法,搭配專業醫學邏輯,以人體自然 復原原理,搭配純質精油輔助修復身體功能,讓 身體\r\n達到最好的自癒能力！ \r\n( 適長期對生活及工作倍感壓力過大，以致全身繃緊不適者! )\r\n全身筋絡理療：\r\n依循人體各大經絡脈流走法,搭配時辰,五行.飲食 使其經絡相通而達相生！ \r\n( 本式適用於筋疲力盡，常處於身體勞累之狀況、體力負荷過重、氣血不通者！ )', 'botanical-3605604_1280.jpg', '', '5', '2018-11-09 10:00:00', '0000-00-00 00:00:00', 1, ''),
(6, 6, 6, 3, '芳香精油諮詢師研習班(一)', '中正二路222號12樓(捷運文化中心站1號出口)', '高雄市', '07-2239095', 30, 2500, 360, '2018-11-12 15:00:00', '芳香療法是自然醫學的範疇，一般人以為就是精油按摩、SPA按摩。事實上，精油為基礎的芳香療法，如果適當使用，對我們心情與情緒的舒緩以及身心靈的平衡都有療癒的效果。 \r\n芳消療法的療癒功能，來自於我們對各種精油的了解，無論是透過嗅聞香氣或是經皮膚吸收，都能產生作用。\r\n精油產自芳香植物(Aromatic Herbst)，並不是所有植物都能夠產出精油，只有含有香脂腺的植物才能產出精油。有的是花瓣、葉子、根莖等，將其萃取後成為了精油。 \r\n各種萃取的精油，就像是食材一樣，各有特性，各有功能，因此只有受過專業訓練的芳香精油調理師，才能調配出身心靈平衡，將負能量的疼痛、情緒，心情轉為正能量。\r\n成為具有療效的芳香精油，給予你施作芳香療法的需要者。', 'fotolia_83920578_L-1.jpg', '', '4', '2018-11-14 10:00:00', '0000-00-00 00:00:00', 1, ''),
(7, 7, 8, 3, '精油鍊！你的情緒香氣護身符', '中正區重慶南路一段119號(金石堂城中店3樓)', '台北市', '07-2239095', 30, 2500, 180, '2018-11-13 12:00:00', '精油鍊，簡單•貼身•又經濟，日本最風行的療癒新熱潮！\r\n芳療天后Gina教你——\r\n一滴化解負能量！壞習慣斷捨離，心中糾結大解套\r\n覺得別人比我好∣找不到未來方向∣不完美就很難受∣做事總是愛拖延\r\n家庭工作兩頭燒∣老被小人扯後腿∣害怕自己一個人∣走到人生的低潮\r\n第一本以精油項鍊為主題的芳療專書。初學者一次就上手！\r\nl   你專屬的好情緒護身符，實用配方，解決難纏的工作、家庭、個人問題。\r\nl   各式精油項鍊的使用方式、注意事項，以及優缺點評估大公開。\r\nl   戴哪個位置也有訣竅？脈輪配戴法讓精油鍊發揮絕佳效果！\r\nl   Gina老師私房調香對策、技巧大公開，變化無限創意配方，與其給魚，不如給釣竿！\r\nl   深入走訪台灣創作精油項鍊的在地職人匠師。\r\nl   不怕找不到！Gina老師的店家推薦，告訴你精油鍊何處尋？', 'cosmetic-2357981_1280.jpg', '', '4', '2018-11-15 12:00:00', '0000-00-00 00:00:00', 1, ''),
(8, 8, 1, 4, '專業抗痘無痕問題肌膚護理課程', '台北市民生西路94號二樓', '台北市', '(02)7726-5845', 30, 2500, 180, '2018-11-15 12:00:00', '粉刺痘痘問題肌膚 專業技術導向 完整教學\r\n化膿與非化膿性痘痘、粉刺肌膚，一直是美容師的一大難題，粉刺痘痘肌膚，輕者開放性還比較好處理，嚴重者內包膿處理不當引發細菌感染潰爛，不當清除又會留下坑疤，術後修護不當又會引起發炎，所以痘痘問題肌膚是要靠多年經驗與操作才能有效解決客人問題，我們請具資深經歷、臨場經驗豐富老師授課、為您帶來全技術教學與經驗分享，術後護理問題處理與解決～\r\n課程大綱 : \r\n皮膚構造分析\r\n油性肌膚及粉刺面皰肌膚形成致因與保養\r\n粉刺、化膿與非化膿性痘痘種類分析與處理技術\r\n粉刺、化膿與非化膿性痘痘清除方式及修復\r\n痘坑、痘疤的形成原因及修復處理技術及保養\r\nQ&A', '169554_1.jpg', '', '1', '2018-11-19 15:00:00', '0000-00-00 00:00:00', 3, ''),
(9, 9, 7, 5, '2018秋冬新配方新品即將上市~植物精華', '高雄市中正二路222號12樓(捷運文化中心站1號出口)', '高雄市', '(02)7726-5845', 50, 2500, 180, '2018-11-07 12:00:00', '粉刺痘痘問題肌膚 專業技術導向 完整教學\r\n化膿與非化膿性痘痘、粉刺肌膚，一直是美容師的一大難題，粉刺痘痘肌膚，輕者開放性還比較好處理，嚴重者內包膿處理不當引發細菌感染潰爛，不當清除又會留下坑疤，術後修護不當又會引起發炎，所以痘痘問題肌膚是要靠多年經驗與操作才能有效解決客人問題，我們請具資深經歷、臨場經驗豐富老師授課、為您帶來全技術教學與經驗分享，術後護理問題處理與解決～\r\n課程大綱 : \r\n皮膚構造分析\r\n油性肌膚及粉刺面皰肌膚形成致因與保養\r\n粉刺、化膿與非化膿性痘痘種類分析與處理技術\r\n粉刺、化膿與非化膿性痘痘清除方式及修復\r\n痘坑、痘疤的形成原因及修復處理技術及保養\r\nQ&A', 'shutterstock_553030831-570x350.jpg', '', '1', '2018-11-09 13:00:00', '0000-00-00 00:00:00', 1, ''),
(10, 10, 1, 4, '完美無痕肌美容課程', '高雄市中正二路222號12樓(捷運文化中心站1號出口)', '高雄市', '07-2239095', 40, 3600, 120, '2018-11-06 13:00:00', '針對深度肌膚困擾:白斑、太田母斑、血管瘤、深色的黑斑、各種色斑\r\n將提供您完美的粉底修飾遮瑕技巧，解決您在膚色上的困擾。\r\n◎在獨立的彩粧室中1對1免費服務，歡迎電話預約、洽詢\r\n◎提供完全免費服務\r\n◎採預約制、請事先以電話預約\r\n◎有相同需求的男性以及兒童也歡迎您來電洽詢、預約\r\n上課地點 高雄市\r\n上課日期 -\r\n上課時間 服務時間: 中午12:00~晚上20:00\r\n上課師資 資生堂專業美容老師\r\n上課地址 高雄市中正二路222號12樓(捷運文化中心站1號出口)\r\n上課電話 07-2239095', '1469174182-3742969010_n.jpg', '', '', '2018-11-09 11:00:00', '0000-00-00 00:00:00', 2, ''),
(11, 11, 2, 4, 'SCBC 美學講座課程', '高雄市中正二路222號12樓(捷運文化中心站1號出口)', '高雄市', '07-2239095', 50, 2400, 240, '2018-11-20 10:00:00', '【基礎保養】：\r\n學習皮膚生理學，卸粧、洗臉、化粧水、乳液、按摩、收斂水、隔離霜的正確使用量\r\n及方法。最適合初學者。\r\n【心機彩粧】東京櫃：\r\n1. 實現若隱若現、閃閃動人的魅惑雙眸\r\n2. 星魅舞色頰彩，善用修容好氣色、掌握幸運能量\r\n3. 雙色雙質感的雙色唇膏，打造漸層花苞嫩唇\r\n【時尚色繪】 國際櫃 :\r\n1. 一抹完美貼合，搖搖水粉蜜，展現完美裸妝\r\n2. 尚質煽色修容 ， S曲線創造小臉好元氣\r\n3. 魔力美唇、完美貼合雙唇\r\n◎專業師資、小班教學\r\n◎SHISEIDO全系列化粧品.DIY實習\r\n◎完全免費教學服務\r\n◎現場無販賣化粧品\r\n●個人報名 (採一對一教學)\r\n●團體報名 ─ 學校.機關.團體', '843341279_m.jpg', '', '1', '2018-11-22 17:00:00', '0000-00-00 00:00:00', 1, ''),
(12, 12, 9, 4, '夏季如何做好皮膚保養', '臺北市南港區興中路29號_南港高工', '台北市', '07-2239095', 30, 1800, 120, '2018-11-19 14:00:00', '植物芳香精油可以幫助人們心情管理、空氣管理、壓力管理，在澳洲，芳香療法與其他傳統療法如針灸、指壓、足部反射療法或香藥草同屬輔助療法，具保健、醫治的效果，對於安寧病房、失智或一般長者居家照護有很好的輔助療效！', '1498579264-2145744053_n.jpg', '201621716093510883.jpg', '', '2018-11-20 11:00:00', '0000-00-00 00:00:00', 1, ''),
(13, 13, 9, 3, '芳香療法愛之語與舒壓按摩  ', '臺北市南港區興中路29號_南港高工', '新北市', '07-2239095', 40, 2000, 180, '2018-11-13 07:00:00', '甚願學員芳療＋愛之語＋按摩課程學習不但能改善自己及家人的身、心、靈和人際親密關係，更願能挑望學員將來更可以有志成為自助助人的芳療師，一起投入芳療spa、安寧療護、及長者居家照護輔助醫療的行列！', '1234min-min.jpg', '', '1', '2018-11-08 09:00:00', '0000-00-00 00:00:00', 2, ''),
(14, 14, 8, 3, '芳療研習營', '台北市中山區明水路397巷19弄12號 ', '台中市', '(02)7726-5845', 15, 1600, 120, '2018-11-20 18:00:00', '越來越多人開始使用精油在生活中來照顧自己與家人，進而想嘗試調配自己喜歡的精油或香水，盡情地享受精油調香的樂趣。\r\n而精油本身是豐富多變的，因為是天然純精油的關係，我們無法掌控成品的味道，既然無法預料及控制，何不發揮想像力，調製無限可能性的味道，或許驚喜就等著你來發現。\r\n適合對象：一般大眾、對芳香療法或對精油調香有興趣者、對自己的調油總是不滿意味道者', 'big_1522723151_.jpg', '', '2', '2018-11-22 16:00:00', '0000-00-00 00:00:00', 2, ''),
(15, 15, 1, 3, '精油香水調香術體驗課程', '台北市中山區明水路397巷19弄12號 芬泥師美麗屋(大直捷運站3號出口步行2分鐘)', '台北市', '(02)7726-5845', 20, 1200, 180, '2018-11-22 10:00:00', '越來越多人開始使用精油在生活中來照顧自己與家人，進而想嘗試調配自己喜歡的精油或香水，盡情地享受精油調香的樂趣。\r\n而精油本身是豐富多變的，因為是天然純精油的關係，我們無法掌控成品的味道，既然無法預料及控制，何不發揮想像力，調製無限可能性的味道，或許驚喜就等著你來發現。\r\n適合對象：一般大眾、對芳香療法或對精油調香有興趣者、對自己的調油總是不滿意味道者', 'perfume-2445617_1280.jpg', '', '4', '2018-11-28 09:00:00', '0000-00-00 00:00:00', 2, ''),
(16, 16, 6, 1, '加拿大MBHT芳療照護師證照班', '高雄市新興區復橫一路214號', '高雄市', '07-2156268', 10, 7000, 120, '2018-11-23 15:00:00', '了解芳香療法的歷史與現況發展，透過單方精油學習，了解精油調配，達到舒緩身心作用，參加此課程可延伸中階課程，取得英國TAS芳療師協會證書', 'shutterstock_682212448-570x350.jpg', '', '5', '2018-11-26 13:00:00', '0000-00-00 00:00:00', 1, ''),
(17, 17, 8, 4, '「打造好臉色!」：皮膚美容醫學', '高雄市新興區復橫一路214號', '台中市', '(02)7726-5845', 20, 2400, 120, '2018-11-15 10:00:00', '課程教學理念在使學生結合健康及美容的專業知識，運用於皮膚美容護理，進而探索目前醫學美容產業現況及國內美容證照考試之趨勢。本課程以丙級美容證照考試內容為課程主要架構，涵蓋四大主題：美容衛生、護膚技術、基礎彩妝及美容療法，藉由課室講解與實作演練，培訓護理學生熟練皮膚美容保養方法與技巧及執行健康美容之能力。\r\n瞭解皮膚護理及美容衛生基礎知識\r\n能夠判別合格之美容保養品\r\n執行安全敷面按摩技巧\r\n運用基礎彩妝之技能', 'badesalz-1620261_1280.jpg', '', '3', '2018-11-19 13:00:00', '0000-00-00 00:00:00', 1, ''),
(18, 18, 7, 5, '緊緻拉提回春護理', '台北市中山區明水路397巷19弄12號', '新北市', '(02)7726-5845', 40, 1800, 180, '2018-11-21 12:00:00', '臉部經絡介紹、臉部經絡刮療手技、精油配方使用、緊緻拉提回春手技、回春安瓶導入、冷膜敷面技術', '1435542257-4028379131_n.jpg', '', '2', '2018-11-23 13:00:00', '0000-00-00 00:00:00', 1, ''),
(19, 19, 7, 5, '毛孔清除術臉部淨化技術', '高雄市新興區復橫一路214號', '台中市', '(02)7726-5845', 20, 1200, 240, '2018-11-25 13:00:00', 'SPA保養護理流程技術、粉刺痘痘形成原因、痘針痘夾毛孔清除、粉刺痘痘肌按摩手技與注意事項', 'spices-2546297_1280.jpg', '', '1', '2018-11-27 11:00:00', '0000-00-00 00:00:00', 1, ''),
(20, 20, 1, 1, '二級美甲師檢定班', '台北市中山區明水路397巷19弄12號 芬泥師美麗屋(大直捷運站3號出口步行2分鐘)', '台中市', '(02)7726-5845', 40, 3600, 300, '2018-11-28 10:00:00', '坊間二級美甲課程都只是依附在凝膠課程或全修班課程內!只有伊美是完全針對「二級美甲考試」獨立開班!所以，伊美「二級美甲師執照班」是全台最專業的二級美甲課程!也因為專業所以最棒!當然就是您準備二級美甲師執照的最佳選擇!', '170208-second-level-bride-course-50-min.jpg', '', '6', '2018-11-30 16:00:00', '0000-00-00 00:00:00', 1, ''),
(21, 21, 4, 2, '您知道要有哪些技能，才能在美甲業的藍海', '高雄市新興區復橫一路214號', '高雄市', '(02)7726-5845', 10, 1800, 120, '2018-11-29 14:00:00', '滿足不同客人的需求:教會你所有技術/吃下所有的美甲市場 - 同時教授水晶，凝膠基礎和進階，甚至保養行銷課程，全方位完美服務。完善課程設計，由基礎能力培養起，總複習課程真人操作，體驗臨場感。\r\n如何讓客人主動上門 - 建立自己的品牌/開發客源/提升品牌知名度。除了技術課程，結合行銷課程培養開發客源能力，強化接案技巧。不怕空有一身好技術卻沒有客人上門。', '170208-second-level-bride-course-28.jpg', '', '3', '2018-12-03 15:00:00', '0000-00-00 00:00:00', 1, ''),
(22, 22, 5, 4, '吃出高中生的新陳代謝-關鍵1招，絕對窈、', '高雄市新興區復橫一路214號', '新北市', '(02)7726-5845', 26, 2400, 300, '2018-11-27 20:00:00', '關鍵1招──透過「4321黃金餐盤飲食原則」，躺著也能瘦。\r\n「4」：把每一餐總份量（水果除外）分為四等份。\r\n「3」：其中有三等份來自植物性食物。\r\n「2」：兩等份是深色蔬菜，另一等份是全穀根莖類。\r\n「1」：最後一等份是奶、蛋、魚、肉、黃豆、黑豆、毛豆類製品。\r\n減肥大震撼──減肥也可以吃麥當勞、火鍋、零食。\r\n針對現代人三餐在外，林營養師提出8大原則，如吃小火鍋時，可以先喝清湯、先吃綠色蔬菜等改變進食順序，並以玉米、南瓜取代白飯、麵，以豆腐、新鮮肉品取代丸子、餃子，又如吃速食，可以把薯條換成沙拉，以及將漢堡裡的醬料換成大黃瓜片、蕃茄片等。最後，必須學會看「食物的營養成分標示表」，除了看熱量，更重要的是看脂肪含量。當然了解食物的分類也是必須的，例如玉米是五穀根莖類，若吃了玉米又吃飯，就失衡了。\r\n其實，我們每個人都能瘦下來，關鍵在於，要用對方法。\r\n因為減肥不是靠意志力，只有吃對了，才能燃脂增肌，以提高熱量的消耗，不再復胖。', 'olive-oil-968657_1280.jpg', '', '4', '2018-11-29 10:00:00', '0000-00-00 00:00:00', 1, ''),
(23, 23, 5, 4, '全球首創基因瘦身法：五大肥胖基因超解密', '23', '新北市', '07-2156268', 30, 2500, 240, '2018-12-01 09:00:00', '一輩子減肥，不是瘦不了，就是陷入復胖的地獄？有感於大家的煩惱，二十餘年健康減重專家孫崇發博士、分子生物科學家林佳靜教授聯手出擊，告訴大家全新的減重祕密。每個肥胖者多少都有肥胖基因，但你知道，基因雖然天注定，卻是可以調理的嗎？只要利用完美比例的均衡飲食、良好生活習慣，讓先天遺傳基因表現模組互相協調，達到生命體最完美的平衡，就能更科學、有效且健康的瘦下來。', '1498579264-2145744053_n.jpg', '', '2', '2018-11-28 00:00:00', '0000-00-00 00:00:00', 1, ''),
(24, 24, 10, 5, '一個專業按摩師必須知道的事', '24', '台中市', '07-2156268', 40, 2200, 180, '2018-11-26 12:00:00', '課程囊括多項spa護膚技能，如正統歐式按摩、日式油壓、芳香療法...透\r\n過講師手技示範及實際演練，階段式建立紮實護膚手技\r\n完整就業輔導、行銷經營課程幫助學員結業後迅速成為獨當一面的美容\r\n師，是有志進入美容產業的學員不容錯過的課程\r\n美容護膚技術為專櫃美容師、沙龍美容師及美容相關事業必備技能，配\r\n合考取美容證照更能大幅提升專業形象、顧客信任度', '169554_2.jpg', '', '1', '2018-11-14 11:00:00', '0000-00-00 00:00:00', 1, ''),
(25, 25, 1, 3, '零基礎學漢方芳療', '25', '台中市', '(02)7726-5845', 50, 3600, 180, '2018-12-13 00:00:00', '零基礎學漢方芳療：一次學會中醫理論、調香原理，融會貫通35種精油的中西效能', '39301999_580290725720998_2547952231244627968_n.jpg', '', '1', '2018-12-03 11:00:00', '0000-00-00 00:00:00', 1, '');

-- --------------------------------------------------------

--
-- 資料表結構 `deliver`
--

CREATE TABLE `deliver` (
  `sid` int(11) NOT NULL,
  `deliver_id` int(11) NOT NULL,
  `deliver_type` varchar(25) NOT NULL
) ENGINE=InnoDB DEFAULT CHARSET=utf8;

--
-- 資料表的匯出資料 `deliver`
--

INSERT INTO `deliver` (`sid`, `deliver_id`, `deliver_type`) VALUES
(1, 1, '超商取貨付款'),
(2, 2, '超商取貨不付款'),
(3, 3, '海島-郵局包裹(金門/馬祖/澎湖)'),
(4, 4, '海外-郵局包裹(台灣以外所有國家)');

-- --------------------------------------------------------

--
-- 資料表結構 `members`
--

CREATE TABLE `members` (
  `id` int(11) NOT NULL,
  `email` varchar(255) DEFAULT NULL,
  `password` varchar(255) DEFAULT NULL,
  `mobile` varchar(255) DEFAULT NULL,
  `address` varchar(255) DEFAULT NULL,
  `birthday` varchar(255) DEFAULT NULL,
  `hash` varchar(255) DEFAULT NULL,
  `activated` int(11) DEFAULT NULL,
  `name` varchar(255) DEFAULT NULL,
  `memberLevel` varchar(50) NOT NULL DEFAULT '1',
  `created_at` datetime NOT NULL DEFAULT CURRENT_TIMESTAMP
) ENGINE=InnoDB DEFAULT CHARSET=utf8;

--
-- 資料表的匯出資料 `members`
--

INSERT INTO `members` (`id`, `email`, `password`, `mobile`, `address`, `birthday`, `hash`, `activated`, `name`, `memberLevel`, `created_at`) VALUES
(1, 'aaa@gmail.com', '778899', '0933221144', '大安區和平東路二段106號9樓', NULL, NULL, 0, 'Anna', '2', '2018-12-13 06:35:25'),
(2, 'ccc@gmail.com', '456456', '0988776655', '永和區', NULL, NULL, 0, NULL, '2', '2018-12-13 06:37:21'),
(3, 'qqqq@gmail.com', '123123123', '0999887766', '大安區', NULL, NULL, 0, NULL, '2', '2018-12-13 06:37:21'),
(4, 'kkk@gmail.com', '369369369', '0944556677', '東京', NULL, NULL, 2, NULL, '2', '2018-12-13 06:39:41'),
(5, 'aaabb@gmail.com', '258258258', '0911447722', '天堂國', NULL, NULL, 0, NULL, '2', '2018-12-13 06:39:41'),
(6, 'ccdd@gmail.com', '147147', '0922558833', '地獄區', NULL, NULL, 0, NULL, '2', '2018-12-13 06:39:41'),
(7, 'www@gmail.com', '159357', '0933669922', '天津', NULL, NULL, 0, NULL, '2', '2018-12-13 06:42:43'),
(8, 'eee@gmail.com', '951753', '0977553366', '北海道', NULL, NULL, 0, NULL, '2', '2018-12-13 06:42:43'),
(9, 'eee@gmail.com', '456456', '0999551144', '香港', NULL, NULL, 0, NULL, '2', '2018-12-13 06:42:43'),
(10, 'eric@gg.com1', '7c4a8d09ca3762af61e59520943dc26494f8941b', '09281823412', 'taipei', '1920-02-22', '6f2c8b98ff70b5d7b18668091b0778a6437b97ea', 0, 'eric', '2', '2018-11-12 09:44:00'),
(11, 'fff@gmail.com', '852852', '0911559966', '義大利', NULL, NULL, 0, NULL, '2', '2018-12-13 06:42:43'),
(12, 'eric@gg.com1311', '7c4a8d09ca3762af61e59520943dc26494f8941b', '09281823412', 'taipei', '', '8f0c891a2dcef850ac521e792c16b0ca1309a17d', 0, 'eric', '2', '2018-11-19 11:39:51'),
(13, 'ggg@gmail.com', '123456789', '0922558811', '德國', NULL, NULL, NULL, NULL, '2', '2018-12-13 06:46:09'),
(14, 'Eric@hotmail.com22', '121212', NULL, NULL, NULL, NULL, NULL, 'Eric', '1', '2018-11-28 11:40:26'),
(15, 'lili@gmail.com', '778899', '0911223344', '大安區和平東路二段106號9樓', NULL, NULL, NULL, '粒粒', '1', '2018-12-16 17:54:06'),
(16, 'lili1@gmail.com', '778899', '0911223344', '大安區和平東路二段106號9樓', NULL, NULL, NULL, '粒粒', '1', '2018-12-16 17:54:06'),
(17, 'lili2@gmail.com', '778899', NULL, '大安區和平東路二段106號9樓', NULL, NULL, NULL, '粒粒', '1', '2018-12-16 17:56:36'),
(18, 'lili3@gmail.com', '778899', NULL, '大安區和平東路二段106號9樓', NULL, NULL, NULL, '粒粒', '1', '2018-12-16 17:56:36'),
(19, 'lili4@gmail.com', '778899', NULL, '大安區和平東路二段106號9樓', NULL, NULL, NULL, '粒粒', '1', '2018-12-16 17:56:36'),
(20, 'lili5@gmail.com', NULL, NULL, NULL, NULL, NULL, NULL, '粒粒', '1', '2018-12-16 17:56:36'),
(29, 'Eric@hotmail.com', '121212', NULL, NULL, NULL, NULL, NULL, 'Eric', '1', '2018-11-30 18:06:10'),
(38, '123@gmail.com', '123456', NULL, NULL, NULL, NULL, NULL, '胖胖胖', '1', '2018-12-08 21:37:13'),
(40, '12345678@yahoo.com.tw', '1111111111111', '', '', '', NULL, NULL, '胖', '1', '2018-12-12 16:11:24');

-- --------------------------------------------------------

--
-- 資料表結構 `order01`
--

CREATE TABLE `order01` (
  `userid` int(11) NOT NULL,
  `orderid` int(11) NOT NULL,
  `deliverplace` varchar(255) NOT NULL,
  `deliver` varchar(255) NOT NULL,
  `customermobile` int(11) NOT NULL,
  `customername` varchar(255) NOT NULL,
  `customermail` varchar(255) NOT NULL,
  `receivename` varchar(255) NOT NULL,
  `receiveaddress` varchar(255) NOT NULL,
  `receivemobile` varchar(255) NOT NULL,
  `pay` varchar(20) NOT NULL,
  `order_date` datetime NOT NULL DEFAULT CURRENT_TIMESTAMP ON UPDATE CURRENT_TIMESTAMP
) ENGINE=InnoDB DEFAULT CHARSET=utf8;

--
-- 資料表的匯出資料 `order01`
--

INSERT INTO `order01` (`userid`, `orderid`, `deliverplace`, `deliver`, `customermobile`, `customername`, `customermail`, `receivename`, `receiveaddress`, `receivemobile`, `pay`, `order_date`) VALUES
(1, 321933, 'Taipei', '1', 0, '', '', '', '', '', '', '2018-12-16 07:03:50'),
(1, 346193, 'Taipei', '1', 0, '', '', '', '', '', '信用卡', '2018-12-16 20:11:30'),
(1, 468758, 'Taipei', '1', 933221144, '123', 'aaa@gmail.com', '123', '123', '933221144', '', '2018-12-16 18:22:32'),
(1, 631776, 'Taipei', '1', 0, '', '', '', '', '', '', '2018-12-16 06:47:19'),
(1, 3767107, 'Taipei', '1', 933221144, '222', 'aaa@gmail.com', '222', '331', '933221144', '', '2018-12-16 18:59:16'),
(2, 496673, 'Taipei', '2', 988776655, '555', 'ccc@gmail.com', '666', '666', '988776655', '信用卡', '2018-12-16 20:30:24'),
(2, 668227, 'Taipei', '1', 988776655, '13', 'ccc@gmail.com', '123', '13', '988776655', '信用卡', '2018-12-16 20:25:41'),
(5, 624587, 'Taipei', '2', 911447722, '測試版', 'aaabb@gmail.com', '測試版', 'wu0 wu0 ', '911447722', '信用卡', '2018-12-16 20:39:35'),
(38, 0, 'Singapore', '2', 0, '665', '123@gmail.com', '346', '774', '454', 'ATM', '2018-12-12 07:52:02'),
(38, 496563, 'Singapore', '2', 0, '665', '123@gmail.com', '346', '774', '454', 'ATM', '2018-12-12 07:52:02');

-- --------------------------------------------------------

--
-- 資料表結構 `orderdetail`
--

CREATE TABLE `orderdetail` (
  `orderdetailid` int(11) NOT NULL,
  `orderid` int(11) NOT NULL,
  `product_id` varchar(11) NOT NULL,
  `qty` int(11) NOT NULL,
  `created_at` datetime NOT NULL DEFAULT CURRENT_TIMESTAMP ON UPDATE CURRENT_TIMESTAMP
) ENGINE=InnoDB DEFAULT CHARSET=utf8;

--
-- 資料表的匯出資料 `orderdetail`
--

INSERT INTO `orderdetail` (`orderdetailid`, `orderid`, `product_id`, `qty`, `created_at`) VALUES
(2, 496563, '2', 1, '2018-12-12 02:21:03'),
(3, 628354, '3', 2, '2018-12-12 07:56:38'),
(4, 474135, '3', 3, '2018-12-12 08:09:16'),
(5, 4531057, '7', 2, '2018-12-12 16:12:32'),
(6, 468758, '8', 1, '2018-12-16 18:22:32'),
(7, 3767107, '8', 1, '2018-12-16 18:59:16'),
(8, 668227, '8', 1, '2018-12-16 20:25:41'),
(9, 496673, '6', 1, '2018-12-16 20:30:24'),
(10, 624587, '16', 1, '2018-12-16 20:39:35');

-- --------------------------------------------------------

--
-- 資料表結構 `product`
--

CREATE TABLE `product` (
  `product_id` int(11) NOT NULL,
  `type_id` int(11) NOT NULL,
  `catena_id` int(11) NOT NULL,
  `productname` varchar(255) NOT NULL,
  `productprice` int(11) NOT NULL,
  `specification` int(11) NOT NULL,
  `on_sale` int(11) NOT NULL,
  `comment` int(11) NOT NULL,
  `discount` int(50) NOT NULL,
  `productimages` varchar(255) NOT NULL,
  `description` text NOT NULL,
  `useway` varchar(255) NOT NULL,
  `origin` varchar(255) NOT NULL,
  `ingredient` text NOT NULL
) ENGINE=InnoDB DEFAULT CHARSET=utf8;

--
-- 資料表的匯出資料 `product`
--

INSERT INTO `product` (`product_id`, `type_id`, `catena_id`, `productname`, `productprice`, `specification`, `on_sale`, `comment`, `discount`, `productimages`, `description`, `useway`, `origin`, `ingredient`) VALUES
(1, 2, 2, '一淨到底白泥潔顏乳', 850, 100, 0, 4, 0, 'cleanserspore01.jpg', '◎一淨到底，清爽去油\r\n◎細緻白泥，吸附多餘皮脂\r\n◎金縷梅萃取，調理穩定膚況\r\n◎洗後不緊繃，維持油水平衡', '', '', ''),
(2, 2, 2, '毛孔深層清潔泥', 800, 100, 0, 5, 0, 'cleanserspore04.jpg', '◎榮獲網友評鑑美妝大賞NO.1\r\n◎天然礦泥+活性碳+地中海火山灰，鬆動粉刺根基\r\n◎創新毛孔油脂吸附技術\r\n◎深入清潔毛孔，強力吸附油脂', '', '', ''),
(3, 2, 3, '超能紅石榴微循環潔膚乳', 980, 125, 0, 4, 0, 'cleanserspore02.jpg', '強化肌膚防護實力，是暢活微循環保養程序的第一步驟', '', '', ''),
(4, 2, 2, '深層卸粧精華露', 950, 145, 0, 5, 0, 'cleanserspore03.jpg', '快速溶解彩妝及髒污\r\n還原肌膚淨白透亮', '', '', ''),
(5, 3, 5, '天生麗質粉美肌精華', 3200, 30, 0, 5, 0, 'essenceElasticity01.jpg', '緊緻毛孔、改善暗沉', '', '', ''),
(6, 3, 5, '生命之源金萃精華液', 4800, 30, 0, 4, 0, 'essenceFirming01.jpg', '絲緞般水潤絲滑的質地，能深入肌膚核心，達到最尊貴奢華的抗老體驗。', '', '', ''),
(7, 3, 5, '凍妍新肌澎潤精華', 2600, 30, 0, 3, 0, 'essenceFirming02.jpg', '含優越抗氧化效能的綠原酸\r\n用芍藥提取物鎮靜皮膚\r\n金銀花熟成成分使皮膚飽滿', '', '', ''),
(8, 3, 4, '鎂光銀燦保濕精華液', 1800, 30, 0, 5, 0, 'essenceHA01.jpg', '保濕水嫩神器 \r\n全面飽水，打造完美水嫩肌\r\n草本修護，維持肌膚水含量', 'essenceHA01useway.jpg', 'essenceHA01origin.jpg', 'WATER、GLYCERINE、ALOE BARBADENSIS (ALOE) LEAF JUICE 、ROSE FLOWER DISTILLATE、PANTHENOL、BETAINE、 PHENOXYETHANOL、SODIUM PCA 、SODIUM HYALURONATE、PREZATIDE COPPER ACETATE、CARBOMER、SODIUM HYDROXIDE 、METHYLPARABEN、ETHYLPARABEN 、PROPYLPARABEN 、BUTYLPARABEN、ISOBUTY'),
(9, 4, 5, '逆時完美再造精華', 5200, 30, 0, 4, 0, 'lotionElasticity01.jpg', '', '', '', ''),
(10, 4, 5, '逆時緊緻精華乳', 3200, 30, 0, 3, 0, 'lotionFirming01.jpg', '', '', '', ''),
(11, 4, 5, '精萃再生花蜜精華露', 3200, 30, 0, 4, 0, 'lotionFirming02.jpg', '', '', '', ''),
(12, 4, 1, '花植水漾精華凝露', 2860, 30, 0, 3, 0, 'lotionHydries01.jpg', '', '', '', ''),
(13, 5, 4, '年輕肌密凝霜', 3800, 120, 1, 5, 0, 'creamHA02.jpg', '徹底改善細紋、毛孔等肌膚問題，立現超緊緻、超彈潤的年輕肌膚！ ㄧ碰就愛上的輕潤質地，一抹就看得見的年輕改變', '', '', 'WATER、SIMMONDDSIA CHINENSIS (JOJOBA) SEED OIL、ETHYLHEXYL STEARATE、GLYCERINE、ALOE BARBADENSIS (ALOE) LEAF JUICE、METHYL GLUCOSE SESQUISTERATE、GINKGO BILOBA EXTRACT、BUTYLENE GLYCOL、TOCOPHERYL ACETATE、α-LIPOIC ACID、PHENOXYETHANOL、SODIUM POLYACRYLATE、BETAINE、METHYLPARABEN、CAPRYLIC/CAPRIC TRIGLYCERIDE、MINERAL OIL 、TRI (PPG-3 MYRISTYL ETHER) CITRATE、SODIUM PCA、UBIQUINONE、SODIUM LAURORYL LACTYLATE、SORBITAN LAURATE、TRIDECETH-6、SODIUM HYALURONATE 、ETHYLPARABEN 、PROPYLPARABEN 、BUTYLPARABEN、ISOBUTYLPARABEN、SERINE、GLYCINE、CERAMIDE NP 、GLUTAMIC ACID、CERAMIDE AP、PHYTOSPHINGOSINE、CHOLESTEROL、ALANINE、LYSINE、ARGININE、CARBOMER、XANTHAN GUM、THREONINE、PROLINE 、CERAMIDE EOP'),
(14, 5, 4, '年輕肌密緊緻精華乳霜', 3750, 50, 1, 4, 0, 'creamHA01.jpg', '', '', '', ''),
(15, 5, 1, '超水妍舒緩保濕霜', 1300, 0, 0, 0, 0, 'creamhydries02.jpg', '', '', '', ''),
(16, 5, 1, '絕對完美金粹乳霜', 2200, 0, 0, 0, 0, 'creamHydries03.jpg', '', '', '', ''),
(17, 5, 3, '煥白精華日霜', 2800, 0, 0, 0, 0, 'creamWH01.jpg', '', '', '', ''),
(18, 5, 3, '精粹亮妍奇蹟霜', 3200, 0, 0, 0, 0, 'creamWH02.jpg', '', '', '', ''),
(19, 5, 3, '極淨鑽白凝霜', 3800, 0, 0, 0, 0, 'creamWH03.jpg', '', '', '', ''),
(20, 5, 3, '透白修護水凝乳', 1860, 0, 0, 0, 0, 'creamWH04.jpg', '', '', '', ''),
(21, 5, 3, '淨光透白傑膚乳', 1920, 0, 0, 0, 0, 'creamWH05.jpg', '', '', '', '');

-- --------------------------------------------------------

--
-- 資料表結構 `professor`
--

CREATE TABLE `professor` (
  `idx` int(255) NOT NULL,
  `user_id` int(255) DEFAULT NULL,
  `teacher_name` varchar(1000) DEFAULT NULL,
  `user_img` varchar(1000) DEFAULT NULL,
  `link_url1` varchar(1000) DEFAULT NULL,
  `link_class1` int(255) DEFAULT NULL,
  `link_url2` varchar(1000) DEFAULT NULL,
  `link_class2` int(255) DEFAULT NULL,
  `start_count` int(255) DEFAULT NULL,
  `attend_count` int(255) DEFAULT NULL,
  `my_inform` varchar(1000) DEFAULT NULL,
  `c_category` int(100) DEFAULT NULL,
  `l_img1` varchar(1000) DEFAULT NULL,
  `l_img2` varchar(1000) DEFAULT NULL,
  `experience` varchar(1000) DEFAULT NULL,
  `create_dTime` datetime DEFAULT CURRENT_TIMESTAMP,
  `update_dTime` datetime DEFAULT NULL,
  `start` int(255) DEFAULT NULL,
  `note` varchar(1000) DEFAULT NULL
) ENGINE=InnoDB DEFAULT CHARSET=utf8;

--
-- 資料表的匯出資料 `professor`
--

INSERT INTO `professor` (`idx`, `user_id`, `teacher_name`, `user_img`, `link_url1`, `link_class1`, `link_url2`, `link_class2`, `start_count`, `attend_count`, `my_inform`, `c_category`, `l_img1`, `l_img2`, `experience`, `create_dTime`, `update_dTime`, `start`, `note`) VALUES
(1, 1, '張玉青', 'tpic1.jpg', '', 1, '', 2, 2, 1, '一個做任何事都需要先有說服自己理由才願意去做的固執者。\r\n 一個習慣用反向思考模式看待生命與人事物的人。\r\n一個認為自己很普通但是只用天分做事的設計者。 \r\n一個不喜歡跟隨潮流與被動接受產業現況的美學講師。 \r\n這就是我，只想做我認為對的事。', 2, 'pic.jpg', '160311132249836-450x308.jpg', '整體造型學院護膚spa講師\r\n1998年英國Tisserand Aromatherapy學院進修\r\n鄉村國際有限公司芳療講師\r\n2001年澳洲Spaing Fiecds芳療學院進修\r\n澳洲春天精油芳療講師\r\n中華美容美體促進協會理監事\r\n許莉伶美容教育總監\r\n妮頓絲美容教育講師\r\n絲翠兒專任美容講師\r\n溫州美泰公司施諾雅專任講師\r\nspa網美容美體教育總監', '2018-10-11 13:00:00', '0000-00-00 00:00:00', 1, ''),
(2, 2, '蔡雪燕', 'tpic02.jpg', '', 1, '', 2, 2, 1, '聖薇企業社負責人\r\n碧SPA芳療美學連鎖企業執行長\r\n碧SPA精油芳療學苑教育總監', 2, 'pic47.jpg', '', '國際檢定合格美乙丙級講師\r\n摩登整體造型學苑丙級美容講師\r\n2013年中華全國盃美容美髮評審\r\n2014年中華全國盃美容美髮評審\r\n中華民國全國美容美髮聯合工會新娘秘書執行委員\r\n中國信託高階主管指定造型師\r\n中國信託尾牙指定造型師\r\n台新銀行尾牙指定造型師\r\n3d噴槍新娘秘書、整體造型師', '2018-11-15 00:00:00', '0000-00-00 00:00:00', 1, ''),
(3, 3, '許宜榛', 'tpic9.gif', '', 1, '', 2, 2, 1, '一個做任何事都需要先有說服自己理由才願意去做的固執者。\r\n 一個習慣用反向思考模式看待生命與人事物的人。\r\n一個認為自己很普通但是只用天分做事的設計者。 \r\n一個不喜歡跟隨潮流與被動接受產業現況的美學講師。 \r\n這就是我，只想做我認為對的事。', 4, '197-unnamed.jpg', 'DSC08180.JPG', '2011~2018美容乙丙級技術考場人員\r\n2018 OMC世界盃時尚造型 裁判\r\n2018技藝達人黃金盃世界國際舞台妝冠軍 指導老師\r\n2018社團法人中華國際彩繪藝術協會國際保健 美甲評審\r\n2011-2018高職美容乙丙級證照課程專業講師\r\n2017全國高級職業學校家事技藝競賽金手獎 指導老師\r\n2015-2017新住民技職美容專班 美容丙級專任講師\r\n2017第六屆美容密西根MNS國際菁英賽國際舞台妝 評審\r\n2017社團法人中華國際會藝術協會國際保健美甲 評審\r\n2016財團法人中華國際彩繪藝術協會國際保健美甲 評審\r\n2015國中技藝競賽第六名指導老師\r\n2010 TNA國際美甲彩繪比賽亞軍\r\n2010-2011 TNA二級美甲評審\r\n2016 OMC世界盃整體造型韓國預賽裁判\r\n中華民國共和國 中級美容師證照\r\n彩繪國度講師認證\r\n羅麗芬國際美容SAP副理', '2018-11-16 14:00:00', '0000-00-00 00:00:00', 1, ''),
(4, 4, '廖乙璇', 'logo_user_df.svg', '', 1, '', 2, 2, 1, '一個做任何事都需要先有說服自己理由才願意去做的固執者。\r\n 一個習慣用反向思考模式看待生命與人事物的人。\r\n一個認為自己很普通但是只用天分做事的設計者。 \r\n一個不喜歡跟隨潮流與被動接受產業現況的美學講師。 \r\n這就是我，只想做我認為對的事。', 3, 'sp02-03.gif', '', '中興大學學士\r\n英國BRITISH SCHOOL 結業\r\n各大專院校\r\n高中社團 推廣教育講師 \r\n化妝品公司 美療機構講師 \r\n台灣推廣教育學會講師\r\n台灣自然醫學學會講師', '2018-11-13 00:00:00', '0000-00-00 00:00:00', 1, ''),
(5, 5, '許怡蘭', '2-8.jpg', '', 1, '', 2, 2, 1, '一個做任何事都需要先有說服自己理由才願意去做的固執者。\r\n 一個習慣用反向思考模式看待生命與人事物的人。\r\n一個認為自己很普通但是只用天分做事的設計者。 \r\n一個不喜歡跟隨潮流與被動接受產業現況的美學講師。 \r\n這就是我，只想做我認為對的事。', 3, 'pic.jpg', '', '《講師》：現任醫美顧問John Lee\r\n《時間》：6/10(六) 早上10~12點\r\n《對象》：愛美愛打扮的女性朋友們\r\n誰不想要擁有一張容光渙發的臉蛋呢？\r\n除了要注意良好飲食習慣、營養均衡、適度的運動和規律的生活以外，最重要的是要懂得皮膚保養的原則和方法，並且徹底去執行喔。\r\n神創造並賜給人類的皮膚既美麗又寶貴，好好地管理它是我們的責任分擔。只要每天持之恆做好保養工作，一定可使臉上的皮膚變得嬌嫩有光澤。\r\n皮膚保養的六大步驟：\r\n卸妝  ->  洗臉  ->  保濕  ->  乳液  ->  隔離  ->  防曬\r\n專修醫學美容，臨床經驗豐富的現任醫美顧問John Lee不斷強調皮膚保養首在清潔和保濕。\r\nImage result for skin care\r\n皮膚缺水的狀態下怎麼化妝都還是暗淡無光，甚至會引起一系列腦人的症狀，\r\n例如黑斑、粉刺、皺紋等。\r\nJohn 為我們詳細解說皮膚的構造和皮膚保養的原理和方法。\r\nJohn親自示範如何擦化妝水。原來連這個小步驟也有很多學問。\r\n擦化妝水不是用化妝棉抹上皮膚就好了，而是建議將化妝水滴幾滴在手中，輕拍於臉上\r\n，等吸收之後，再重覆一次、兩次、或三至四次，直到皮膚濕潤為止。\r\n當皮膚吸收了足夠的水份，臉上立刻變得明亮有光澤。', '2018-11-16 12:00:00', '0000-00-00 00:00:00', 1, ''),
(7, 7, '傅碧惠', 'logo_bv.svg', '', 1, '', 2, 2, 1, '聖薇企業社負責人\r\n碧SPA芳療美學連鎖企業執行長\r\n碧SPA精油芳療學苑教育總監', 3, 'pic.jpg', '', '聖惠方美顏美體連鎖機構總經理，\r\n澄清醫院醫學美容中心經理，\r\n成功大學醫學院護理學系～另類療法與老人養護講師，\r\n澎湖國軍醫院～芳香療法療對癌末病人之應用講師\r\n，天主教聖馬爾定醫院～芳香療法與安寧療護講師，財團法人樹河福利基金會～銀髮族之另類療法芳療講師，臺北醫學院醫藥學系～皮膚保養、居家按摩、芳療講師，新加坡傳神希望線～居家照護與芳香療法講師，屏東基督教安寧～芳香療法應用課程講師，罕見疾病基金會～芳香與舒壓按摩講師，台酒生技專員訓練課程～化妝之應用講師，今周刊，新新聞，飛碟電台人物專訪', '2018-11-27 14:00:00', '0000-00-00 00:00:00', 1, ''),
(8, 8, '黃靖棻', '5b4848b263849.png', '', 1, '', 2, 2, 1, '芬泥師美麗屋台北店店長\r\n美容及紋繡技藝講師\r\n心靈課程講師\r\n芳香療法講師\r\n精油占卜諮詢師\r\n塔羅牌占卜諮詢師', 2, 'pic.jpg', '', '美容美睫師及飄繡持久造型師14年\r\n兩岸三地專業美容技術教學講師\r\n生醫科技公司專業美容技術及芳療教學講師\r\n中華民國美容美體芳香經絡發展研究協會專業美容技術教學講師\r\n仙芝芳美容坊指導老師\r\n2011年中天電視台採訪報導\r\n2016年年代電視台採訪報導\r\n坊間企業芳療講師\r\n新光醫院安寧芳療照護師\r\n實踐大學-芳療與心靈講師\r\n心源協會芳療講師', '2018-11-07 13:00:00', '0000-00-00 00:00:00', 1, ''),
(9, 9, '呂秀齡', 'aaasreggrsfg.jpg', '', 1, '', 2, 2, 1, '運用精油芳香保健概念,在生活中實作,\r\n與認知芳香療法傳承自古印度，\r\n是輔助醫學重要的一環。\r\n如何善用精油？\r\n以及芳香小物實作,達到學員及銀髮族身心靈全方位的健康保健', 3, 'pic.jpg', '', '1臺北醫學大學進修推廣部 前高階芳療師認證課程…美容實務班講師 \r\n2.台北市信義社區大學「經絡美容與芳香照護」、「美容實務DIY」講師 \r\n3.應聘 台北市社會局及台北縣市扶輪社，紳士協會暨國小、國中、大專院校、婦女 團體、外商公司/中小企業公司福委會...等各單位專題講座', '2018-11-19 11:00:00', '0000-00-00 00:00:00', 1, ''),
(10, 6, '張淑芳', 'logo_user_df.svg', '', 1, '', 2, 2, 1, '本校104年度彈性薪資獲獎、科技部補助大專校院獎勵特殊優秀人才99-104年度連續6年獲獎', 4, '197-unnamed.jpg', '', '教學經歷：\r\n(1) 「皮膚美容科學」課程授課教師\r\n(2)「社區衛生護理實習」課程授課教師\r\n(3)「泛文化健康照護」課程授課教師\r\n(4)「課程發展」課程授課教師', '2018-11-30 14:00:00', '0000-00-00 00:00:00', 1, ''),
(11, 10, 'Alice Ho', 'logo_bv.svg', '', 1, '', 2, 2, 1, '芬泥師美麗屋台北店店長\r\n美容及紋繡技藝講師\r\n心靈課程講師\r\n芳香療法講師\r\n精油占卜諮詢師\r\n塔羅牌占卜諮詢師', 5, '197-unnamed.jpg', '', 'Ali’s Institute of Aromatherapy學校校長\r\n(英國IFA英國專業香薰治療認可學校 – 香港區)\r\n​英國IFA Certified Principal\r\n英國MIFPA國際香薰治療師協會會員\r\nIFSCC Cosmetic Chemist化妝品化學師\r\n香港伊利沙伯醫院 – 孕婦香薰治療導師\r\n香港癌症基金會 – 癌協服務中心香薰治療工作坊導師\r\n廣東醫院助產科 – 孕婦香薰治療導師', '2018-12-04 11:00:00', '0000-00-00 00:00:00', 1, ''),
(12, 11, 'Leo Cheung', 'shot-A2702_1.jpg', '', 1, '', 2, 2, 1, '本校104年度彈性薪資獲獎、科技部補助大專校院獎勵特殊優秀人才99-104年度連續6年獲獎', 1, '197-unnamed.jpg', '', '人體解剖學及生理學及營養學導師\r\n註冊醫務化驗師 (香港醫務化驗師委員會)\r\n註冊教師 (香港教育局)、認可營養學家 (香港營養學會)\r\n分子病理學碩士、分析化學理學碩士\r\n人類營養學學深造文憑、體育運動科學學士文憑\r\n學位教師教育文憑', '2018-11-27 15:00:00', '0000-00-00 00:00:00', 1, ''),
(13, 12, '林佳靜', 'logo_bv.svg', '', 1, '', 2, 2, 1, '國防醫學院生命科學研究所細胞與分子生物組 博士候選人\r\n美國自然醫會American Naturopathic Medical Association - ANMA 自然醫學預防保健 醫師學程\r\n國立交通大學生化工程研究所碩士\r\n國立交通大學科技法律研究所專利工程師學程\r\n中華民國營養師（營養字第：002769）\r\n輔仁大學食品營養學系營養科學組第一名畢業', 5, '197-unnamed.jpg', '', '健康好診所資深營養師/顧問\r\n聯欣／聯安預防醫學機構 產品研發顧問／VIP門診資深營養師\r\n樂活診所醫療研發顧問／資深營養師\r\n競技、運動團隊（台啤、兄弟象）營養執行顧問／專業講師\r\n亞力山大健康醫學事業處 高級專員\r\n中華生醫科技股份有限公司  營養師／教育訓練講師\r\n台大醫院實習營養師', '2018-11-29 16:00:00', '0000-00-00 00:00:00', 1, '');

-- --------------------------------------------------------

--
-- 資料表結構 `shopping_list`
--

CREATE TABLE `shopping_list` (
  `sid` int(11) NOT NULL,
  `userid` varchar(255) NOT NULL,
  `product_id` varchar(255) NOT NULL,
  `qty` int(11) NOT NULL,
  `created_at` datetime NOT NULL DEFAULT CURRENT_TIMESTAMP
) ENGINE=InnoDB DEFAULT CHARSET=utf8;

--
-- 資料表的匯出資料 `shopping_list`
--

INSERT INTO `shopping_list` (`sid`, `userid`, `product_id`, `qty`, `created_at`) VALUES
(138, '38', '7', 5, '2018-12-11 00:00:00'),
(143, '38', '3', 1, '2018-12-12 00:00:00'),
(144, '38', '3', 2, '2018-12-12 00:00:00'),
(145, '38', '3', 3, '2018-12-12 08:09:16'),
(146, '40', '7', 2, '2018-12-12 08:12:32'),
(162, '5', '16', 1, '2018-12-16 12:38:55'),
(163, '5', '13', 1, '2018-12-16 12:38:58');

-- --------------------------------------------------------

--
-- 資料表結構 `skin`
--

CREATE TABLE `skin` (
  `skin_id` int(11) NOT NULL,
  `skin_need` varchar(50) NOT NULL
) ENGINE=InnoDB DEFAULT CHARSET=utf8;

--
-- 資料表的匯出資料 `skin`
--

INSERT INTO `skin` (`skin_id`, `skin_need`) VALUES
(1, '水潤粉嫩'),
(2, '深層清潔'),
(3, '緊緻毛孔'),
(4, '提亮膚色'),
(5, '彈力澎潤');

-- --------------------------------------------------------

--
-- 資料表結構 `start`
--

CREATE TABLE `start` (
  `idx` int(11) NOT NULL,
  `start_name` varchar(20) NOT NULL,
  `start_nb` int(20) NOT NULL,
  `note` int(20) NOT NULL
) ENGINE=InnoDB DEFAULT CHARSET=utf8;

--
-- 資料表的匯出資料 `start`
--

INSERT INTO `start` (`idx`, `start_name`, `start_nb`, `note`) VALUES
(1, '上架中', 1, 0),
(2, '已到期', 2, 0),
(3, '審核中', 3, 0),
(4, '停權中', 4, 0);

-- --------------------------------------------------------

--
-- 資料表結構 `tag`
--

CREATE TABLE `tag` (
  `sid` int(11) NOT NULL,
  `product_id` int(11) NOT NULL,
  `skin_id` int(11) NOT NULL
) ENGINE=InnoDB DEFAULT CHARSET=utf8;

--
-- 資料表的匯出資料 `tag`
--

INSERT INTO `tag` (`sid`, `product_id`, `skin_id`) VALUES
(1, 1, 2),
(2, 2, 2),
(3, 3, 2),
(4, 3, 4),
(5, 4, 2),
(6, 4, 4),
(7, 5, 3),
(8, 5, 4),
(9, 6, 1),
(10, 6, 5),
(11, 7, 1),
(12, 7, 5),
(13, 8, 1),
(14, 8, 4),
(15, 9, 1),
(16, 9, 5),
(17, 10, 1),
(18, 10, 3),
(19, 11, 1),
(20, 11, 3),
(21, 12, 1);

--
-- 已匯出資料表的索引
--

--
-- 資料表索引 `category`
--
ALTER TABLE `category`
  ADD PRIMARY KEY (`type_id`);

--
-- 資料表索引 `catena`
--
ALTER TABLE `catena`
  ADD PRIMARY KEY (`catena_id`);

--
-- 資料表索引 `course_category`
--
ALTER TABLE `course_category`
  ADD PRIMARY KEY (`idx`);

--
-- 資料表索引 `c_link`
--
ALTER TABLE `c_link`
  ADD PRIMARY KEY (`idx`);

--
-- 資料表索引 `c_message`
--
ALTER TABLE `c_message`
  ADD PRIMARY KEY (`idx`);

--
-- 資料表索引 `c_order`
--
ALTER TABLE `c_order`
  ADD PRIMARY KEY (`idx`);

--
-- 資料表索引 `c_room`
--
ALTER TABLE `c_room`
  ADD PRIMARY KEY (`idx`);

--
-- 資料表索引 `deliver`
--
ALTER TABLE `deliver`
  ADD PRIMARY KEY (`sid`);

--
-- 資料表索引 `members`
--
ALTER TABLE `members`
  ADD PRIMARY KEY (`id`);

--
-- 資料表索引 `order01`
--
ALTER TABLE `order01`
  ADD PRIMARY KEY (`userid`,`orderid`);

--
-- 資料表索引 `orderdetail`
--
ALTER TABLE `orderdetail`
  ADD PRIMARY KEY (`orderdetailid`);

--
-- 資料表索引 `product`
--
ALTER TABLE `product`
  ADD PRIMARY KEY (`product_id`);

--
-- 資料表索引 `professor`
--
ALTER TABLE `professor`
  ADD PRIMARY KEY (`idx`);

--
-- 資料表索引 `shopping_list`
--
ALTER TABLE `shopping_list`
  ADD PRIMARY KEY (`sid`);

--
-- 資料表索引 `skin`
--
ALTER TABLE `skin`
  ADD PRIMARY KEY (`skin_id`);

--
-- 資料表索引 `start`
--
ALTER TABLE `start`
  ADD PRIMARY KEY (`idx`);

--
-- 資料表索引 `tag`
--
ALTER TABLE `tag`
  ADD PRIMARY KEY (`sid`);

--
-- 在匯出的資料表使用 AUTO_INCREMENT
--

--
-- 使用資料表 AUTO_INCREMENT `category`
--
ALTER TABLE `category`
  MODIFY `type_id` int(11) NOT NULL AUTO_INCREMENT, AUTO_INCREMENT=10;

--
-- 使用資料表 AUTO_INCREMENT `catena`
--
ALTER TABLE `catena`
  MODIFY `catena_id` int(11) NOT NULL AUTO_INCREMENT, AUTO_INCREMENT=6;

--
-- 使用資料表 AUTO_INCREMENT `course_category`
--
ALTER TABLE `course_category`
  MODIFY `idx` int(255) NOT NULL AUTO_INCREMENT, AUTO_INCREMENT=6;

--
-- 使用資料表 AUTO_INCREMENT `c_link`
--
ALTER TABLE `c_link`
  MODIFY `idx` int(255) NOT NULL AUTO_INCREMENT, AUTO_INCREMENT=4;

--
-- 使用資料表 AUTO_INCREMENT `c_message`
--
ALTER TABLE `c_message`
  MODIFY `idx` int(255) NOT NULL AUTO_INCREMENT, AUTO_INCREMENT=2;

--
-- 使用資料表 AUTO_INCREMENT `c_order`
--
ALTER TABLE `c_order`
  MODIFY `idx` int(255) NOT NULL AUTO_INCREMENT, AUTO_INCREMENT=23;

--
-- 使用資料表 AUTO_INCREMENT `c_room`
--
ALTER TABLE `c_room`
  MODIFY `idx` int(200) NOT NULL AUTO_INCREMENT, AUTO_INCREMENT=30;

--
-- 使用資料表 AUTO_INCREMENT `deliver`
--
ALTER TABLE `deliver`
  MODIFY `sid` int(11) NOT NULL AUTO_INCREMENT, AUTO_INCREMENT=5;

--
-- 使用資料表 AUTO_INCREMENT `members`
--
ALTER TABLE `members`
  MODIFY `id` int(11) NOT NULL AUTO_INCREMENT, AUTO_INCREMENT=41;

--
-- 使用資料表 AUTO_INCREMENT `orderdetail`
--
ALTER TABLE `orderdetail`
  MODIFY `orderdetailid` int(11) NOT NULL AUTO_INCREMENT, AUTO_INCREMENT=11;

--
-- 使用資料表 AUTO_INCREMENT `product`
--
ALTER TABLE `product`
  MODIFY `product_id` int(11) NOT NULL AUTO_INCREMENT, AUTO_INCREMENT=22;

--
-- 使用資料表 AUTO_INCREMENT `professor`
--
ALTER TABLE `professor`
  MODIFY `idx` int(255) NOT NULL AUTO_INCREMENT, AUTO_INCREMENT=14;

--
-- 使用資料表 AUTO_INCREMENT `shopping_list`
--
ALTER TABLE `shopping_list`
  MODIFY `sid` int(11) NOT NULL AUTO_INCREMENT, AUTO_INCREMENT=164;

--
-- 使用資料表 AUTO_INCREMENT `skin`
--
ALTER TABLE `skin`
  MODIFY `skin_id` int(11) NOT NULL AUTO_INCREMENT, AUTO_INCREMENT=6;

--
-- 使用資料表 AUTO_INCREMENT `start`
--
ALTER TABLE `start`
  MODIFY `idx` int(11) NOT NULL AUTO_INCREMENT, AUTO_INCREMENT=5;

--
-- 使用資料表 AUTO_INCREMENT `tag`
--
ALTER TABLE `tag`
  MODIFY `sid` int(11) NOT NULL AUTO_INCREMENT, AUTO_INCREMENT=22;
COMMIT;

/*!40101 SET CHARACTER_SET_CLIENT=@OLD_CHARACTER_SET_CLIENT */;
/*!40101 SET CHARACTER_SET_RESULTS=@OLD_CHARACTER_SET_RESULTS */;
/*!40101 SET COLLATION_CONNECTION=@OLD_COLLATION_CONNECTION */;
